dest_ip,dest_port,dest_country,metadata_file
192.111.129.145,16894,Canada,socks5.txt
72.195.34.35,27360,United States,socks5.txt
98.178.72.21,10919,United States,socks5.txt
70.166.167.38,57728,United States,socks5.txt
51.158.105.157,16379,Luxembourg,socks5.txt
103.55.22.247,8199,Indonesia,socks5.txt
172.104.209.44,1080,United States,socks5.txt
172.233.155.25,1080,United States,socks5.txt
46.105.105.223,32706,France,socks5.txt
46.105.105.223,25482,France,socks5.txt
212.47.253.24,16379,United States,socks5.txt
212.47.229.46,16379,Germany,socks5.txt
51.15.210.190,16379,Sweden,socks5.txt
51.210.111.216,60686,France,socks5.txt
46.105.105.223,21130,France,socks5.txt
51.210.111.216,11926,France,socks5.txt
98.152.200.61,8081,United States,socks5.txt
109.123.254.43,12373,Germany,socks5.txt
46.105.105.223,34293,France,socks5.txt
46.105.105.223,50160,France,socks5.txt
46.105.105.223,5589,France,socks5.txt
31.42.185.134,1080,Ukraine,socks5.txt
46.105.105.223,16480,France,socks5.txt
185.59.100.55,1080,Germany,socks5.txt
209.141.45.119,56666,United States,socks5.txt
161.97.163.52,49690,Germany,socks5.txt
82.223.165.28,16883,Spain,socks5.txt
46.36.70.104,46964,Lithuania,socks5.txt
167.71.220.29,7497,Singapore,socks5.txt
157.66.251.226,1080,Indonesia,socks5.txt
46.105.105.223,41448,France,socks5.txt
194.183.189.253,49847,Ukraine,socks5.txt
103.127.223.126,1080,Bangladesh,socks5.txt
8.218.39.40,10800,Hong Kong,socks5.txt
116.129.250.48,1080,China,socks5.txt
51.75.126.150,3217,France,socks5.txt
23.81.207.109,5256,Hong Kong,socks5.txt
192.95.33.162,31572,Canada,socks5.txt
172.232.236.34,1080,Indonesia,socks5.txt
163.47.37.190,1080,Bangladesh,socks5.txt
103.169.254.155,1080,Indonesia,socks5.txt
185.255.4.172,1083,T�rkiye,socks5.txt
103.16.62.138,10888,Cambodia,socks5.txt
103.165.93.140,1080,Bangladesh,socks5.txt
138.199.25.13,3901,Singapore,socks5.txt
64.202.184.249,60221,United States,socks5.txt
138.199.25.13,3909,Singapore,socks5.txt
64.202.184.249,46528,United States,socks5.txt
64.202.184.249,62162,United States,socks5.txt
185.93.89.143,4627,United States,socks5.txt
185.255.4.172,1108,T�rkiye,socks5.txt
64.202.184.249,23616,United States,socks5.txt
45.12.132.188,51991,Cyprus,socks5.txt
45.12.132.212,51991,Cyprus,socks5.txt
45.12.132.215,51991,Cyprus,socks5.txt
185.93.89.172,4016,Russia,socks5.txt
185.93.89.169,6806,United States,socks5.txt
95.52.231.228,1080,Russia,socks5.txt
185.93.89.149,6554,France,socks5.txt
185.93.89.151,5959,United Kingdom,socks5.txt
185.93.89.172,6080,France,socks5.txt
190.246.116.2,6881,Argentina,socks5.txt
185.93.89.166,4020,Hong Kong,socks5.txt
45.142.193.20,4274,France,socks5.txt
45.142.193.20,6506,Hong Kong,socks5.txt
45.142.193.20,4010,Vietnam,socks5.txt
173.166.191.6,3820,United States,socks5.txt
134.199.159.23,1080,United States,socks5.txt
62.76.90.145,1080,Russia,socks5.txt
185.93.89.158,5000,United States,socks5.txt
185.93.89.179,32266,Pakistan,socks5.txt
185.93.89.146,8212,The Netherlands,socks5.txt
192.95.33.162,29006,Canada,socks5.txt
185.93.89.179,27756,Poland,socks5.txt
111.72.195.199,2324,China,socks5.txt
185.93.89.144,5706,United States,socks5.txt
185.93.89.157,4065,United States,socks5.txt
23.108.99.46,5257,The Netherlands,socks5.txt
185.93.89.151,9537,Germany,socks5.txt
185.93.89.144,7697,Brazil,socks5.txt
185.93.89.170,9376,United States,socks5.txt
185.93.89.159,11545,T�rkiye,socks5.txt
185.93.89.169,15847,Germany,socks5.txt
185.93.89.178,4504,Australia,socks5.txt
45.142.193.15,4876,Vietnam,socks5.txt
45.142.193.27,28982,Vietnam,socks5.txt
185.93.89.145,25172,United Kingdom,socks5.txt
185.93.89.181,7256,Vietnam,socks5.txt
185.93.89.144,4954,France,socks5.txt
185.93.89.178,8142,United States,socks5.txt
45.142.193.26,4090,Austria,socks5.txt
185.93.89.165,7209,Thailand,socks5.txt
185.93.89.162,10192,Vietnam,socks5.txt
185.93.89.146,6215,Canada,socks5.txt
185.93.89.146,13542,Hungary,socks5.txt
185.93.89.158,7800,China,socks5.txt
185.93.89.151,13755,Romania,socks5.txt
45.142.193.18,4252,Germany,socks5.txt
185.93.89.175,11664,Singapore,socks5.txt
185.93.89.144,22765,Australia,socks5.txt
185.93.89.151,17274,United States,socks5.txt
45.142.193.27,4037,Hungary,socks5.txt
88.214.25.251,7789,Germany,socks5.txt
185.93.89.191,8993,Germany,socks5.txt
185.93.89.153,4118,United Kingdom,socks5.txt
185.93.89.156,11015,Vietnam,socks5.txt
185.93.89.144,4288,France,socks5.txt
185.93.89.175,14610,Singapore,socks5.txt
185.93.89.149,24005,Romania,socks5.txt
185.93.89.149,13554,Iran,socks5.txt
185.93.89.155,9274,United States,socks5.txt
185.93.89.174,4524,Russia,socks5.txt
185.93.89.158,4855,France,socks5.txt
185.93.89.179,4073,Vietnam,socks5.txt
185.93.89.155,4949,Australia,socks5.txt
185.93.89.144,6937,India,socks5.txt
185.93.89.156,13205,United States,socks5.txt
185.93.89.145,4104,India,socks5.txt
185.93.89.179,7466,Czechia,socks5.txt
185.93.89.179,7809,Singapore,socks5.txt
185.93.89.159,14233,Ukraine,socks5.txt
185.93.89.156,4105,France,socks5.txt
185.93.89.153,4554,Singapore,socks5.txt
185.93.89.150,4088,Russia,socks5.txt
185.93.89.166,4017,United States,socks5.txt
185.93.89.143,6270,India,socks5.txt
185.93.89.169,9213,Pakistan,socks5.txt
185.93.89.145,14373,Finland,socks5.txt
185.93.89.159,4057,Germany,socks5.txt
185.93.89.165,21130,Malaysia,socks5.txt
185.93.89.179,32098,Germany,socks5.txt
185.93.89.144,34227,United States,socks5.txt
185.93.89.188,5665,France,socks5.txt
185.93.89.146,34628,United States,socks5.txt
185.93.89.166,4467,United States,socks5.txt
185.93.89.144,6232,United States,socks5.txt
185.93.89.171,9718,United States,socks5.txt
185.93.89.145,14776,Canada,socks5.txt
45.142.193.15,5066,China,socks5.txt
185.93.89.159,16373,Argentina,socks5.txt
185.93.89.168,4398,Belgium,socks5.txt
185.93.89.163,8676,The Netherlands,socks5.txt
185.93.89.189,4855,United States,socks5.txt
185.93.89.150,4467,Singapore,socks5.txt
185.93.89.168,4493,China,socks5.txt
185.93.89.189,4482,Indonesia,socks5.txt
185.93.89.149,10032,Singapore,socks5.txt
185.93.89.156,4998,Indonesia,socks5.txt
185.93.89.191,7188,India,socks5.txt
185.93.89.171,6121,Russia,socks5.txt
185.93.89.158,7766,Russia,socks5.txt
185.93.89.149,5022,Poland,socks5.txt
185.93.89.175,4197,Thailand,socks5.txt
185.93.89.144,24768,Germany,socks5.txt
185.93.89.144,7480,Tanzania,socks5.txt
185.93.89.143,24165,United States,socks5.txt
185.93.89.158,4791,United States,socks5.txt
185.93.89.163,10265,Germany,socks5.txt
185.93.89.158,5038,France,socks5.txt
185.93.89.168,4939,France,socks5.txt
185.93.89.179,15441,United Kingdom,socks5.txt
185.93.89.159,4176,Thailand,socks5.txt
185.93.89.150,8569,Austria,socks5.txt
45.142.193.15,14342,Czechia,socks5.txt
185.93.89.149,13525,Vietnam,socks5.txt
45.142.193.26,5908,Germany,socks5.txt
185.93.89.157,15847,France,socks5.txt
185.93.89.157,10154,United States,socks5.txt
185.93.89.189,4529,Brazil,socks5.txt
185.93.89.146,5688,United Kingdom,socks5.txt
185.93.89.168,4057,United States,socks5.txt
185.93.89.174,10394,India,socks5.txt
185.93.89.145,5124,France,socks5.txt
185.93.89.170,8359,Germany,socks5.txt
185.93.89.178,4249,Cambodia,socks5.txt
185.93.89.175,5741,Germany,socks5.txt
185.93.89.157,4939,Vietnam,socks5.txt
185.93.89.177,4174,Singapore,socks5.txt
185.93.89.157,12425,Canada,socks5.txt
185.93.89.172,14366,United States,socks5.txt
185.93.89.164,5819,Brazil,socks5.txt
185.93.89.157,18658,France,socks5.txt
185.93.89.157,12768,United States,socks5.txt
185.93.89.164,4072,Russia,socks5.txt
185.93.89.179,6157,United Kingdom,socks5.txt
185.93.89.174,18231,United Kingdom,socks5.txt
185.93.89.178,4145,United States,socks5.txt
185.93.89.156,20321,Australia,socks5.txt
185.93.89.143,35214,Spain,socks5.txt
185.93.89.158,14582,Romania,socks5.txt
185.93.89.183,5404,Singapore,socks5.txt
185.93.89.144,32415,Germany,socks5.txt
185.93.89.159,18254,United States,socks5.txt
45.142.193.18,4079,France,socks5.txt
185.93.89.178,18299,Russia,socks5.txt
185.93.89.156,4078,United States,socks5.txt
185.93.89.169,18925,United States,socks5.txt
185.93.89.164,5013,South Africa,socks5.txt
185.93.89.153,5588,Singapore,socks5.txt
185.93.89.149,4245,Italy,socks5.txt
185.93.89.170,4345,Russia,socks5.txt
185.93.89.145,26888,Germany,socks5.txt
185.93.89.153,18242,Germany,socks5.txt
185.93.89.155,4311,Austria,socks5.txt
185.93.89.179,31653,Canada,socks5.txt
185.93.89.178,19548,Finland,socks5.txt
185.93.89.179,11612,China,socks5.txt
185.93.89.179,7077,United States,socks5.txt
185.93.89.168,4946,Singapore,socks5.txt
185.93.89.183,10545,Pakistan,socks5.txt
185.93.89.189,6006,United Kingdom,socks5.txt
185.93.89.169,12614,United Kingdom,socks5.txt
185.93.89.150,4748,The Netherlands,socks5.txt
185.93.89.172,14771,Germany,socks5.txt
185.93.89.179,10661,Chile,socks5.txt
185.93.89.155,5888,The Netherlands,socks5.txt
185.93.89.178,7153,France,socks5.txt
185.93.89.178,5635,France,socks5.txt
185.93.89.146,4158,United States,socks5.txt
185.93.89.183,7443,Singapore,socks5.txt
185.93.89.155,9761,United States,socks5.txt
185.93.89.176,19349,Singapore,socks5.txt
185.93.89.155,16402,United States,socks5.txt
185.93.89.146,34634,Italy,socks5.txt
185.93.89.146,35344,Canada,socks5.txt
185.93.89.164,18227,United States,socks5.txt
185.93.89.155,14286,United States,socks5.txt
185.93.89.176,4746,Germany,socks5.txt
185.93.89.155,11423,United Kingdom,socks5.txt
185.93.89.166,15182,United States,socks5.txt
185.93.89.179,11719,India,socks5.txt
185.93.89.155,8607,China,socks5.txt
185.93.89.174,5679,United Kingdom,socks5.txt
185.93.89.164,5657,Vietnam,socks5.txt
185.93.89.171,12218,Pakistan,socks5.txt
185.93.89.181,6394,India,socks5.txt
185.93.89.164,12049,France,socks5.txt
185.93.89.176,16525,France,socks5.txt
185.93.89.146,17800,United States,socks5.txt
185.93.89.157,16070,Malaysia,socks5.txt
185.93.89.157,16926,Vietnam,socks5.txt
185.93.89.169,16370,United States,socks5.txt
185.93.89.155,10390,India,socks5.txt
185.93.89.157,12471,United Kingdom,socks5.txt
185.93.89.152,5215,Vietnam,socks5.txt
185.93.89.146,26305,Romania,socks5.txt
185.93.89.176,11841,France,socks5.txt
185.93.89.157,5158,Pakistan,socks5.txt
185.93.89.157,4275,India,socks5.txt
185.93.89.164,5149,India,socks5.txt
185.93.89.146,32825,United States,socks5.txt
185.93.89.155,7469,Brazil,socks5.txt
185.93.89.146,34101,Finland,socks5.txt
185.93.89.169,15105,United Kingdom,socks5.txt
185.93.89.146,18615,Brazil,socks5.txt
185.93.89.155,9330,United States,socks5.txt
185.93.89.146,7948,France,socks5.txt
185.93.89.155,7730,India,socks5.txt
185.93.89.164,18181,Singapore,socks5.txt
45.142.193.27,4695,Malaysia,socks5.txt
185.93.89.178,19207,United Kingdom,socks5.txt
185.93.89.164,15196,India,socks5.txt
185.93.89.155,5455,Canada,socks5.txt
185.93.89.168,5635,United States,socks5.txt
185.93.89.177,4057,United Kingdom,socks5.txt
185.93.89.162,4076,Germany,socks5.txt
185.93.89.187,5168,United States,socks5.txt
185.93.89.155,7443,United States,socks5.txt
185.93.89.165,5177,Poland,socks5.txt
185.93.89.150,26976,France,socks5.txt
185.93.89.156,4175,France,socks5.txt
185.93.89.152,10049,France,socks5.txt
185.93.89.178,6441,France,socks5.txt
185.93.89.172,9414,France,socks5.txt
185.93.89.179,11685,Thailand,socks5.txt
185.93.89.174,5849,France,socks5.txt
185.93.89.180,4347,United States,socks5.txt
185.93.89.153,4906,United States,socks5.txt
185.93.89.165,4119,United Kingdom,socks5.txt
185.93.89.176,7024,United States,socks5.txt
185.93.89.151,4974,United States,socks5.txt
185.93.89.164,11694,Russia,socks5.txt
185.93.89.147,9414,Vietnam,socks5.txt
185.93.89.162,4334,France,socks5.txt
185.93.89.157,12679,Italy,socks5.txt
185.93.89.189,16265,Malaysia,socks5.txt
185.93.89.179,6235,Germany,socks5.txt
185.93.89.172,4251,Hong Kong,socks5.txt
185.93.89.175,4950,United States,socks5.txt
185.126.64.4,7316,Seychelles,socks5.txt
65.109.88.242,1080,Finland,socks5.txt
185.93.89.155,16937,Malaysia,socks5.txt
185.93.89.178,4815,Germany,socks5.txt
185.93.89.147,7404,France,socks5.txt
185.93.89.178,28729,China,socks5.txt
103.187.38.38,1080,Bangladesh,socks5.txt
54.91.105.85,1080,United States,socks5.txt
54.226.38.112,1080,United States,socks5.txt
185.93.89.156,5588,United States,socks5.txt
162.214.3.183,3128,United States,connect.txt
103.39.49.156,3128,Indonesia,connect.txt
45.22.209.157,8888,United States,connect.txt
45.65.227.161,999,Argentina,connect.txt
88.198.212.91,3128,Germany,connect.txt
154.73.29.201,8080,Libya,connect.txt
45.70.202.160,999,Ecuador,connect.txt
103.248.120.5,8080,India,connect.txt
103.66.149.194,8080,Pakistan,connect.txt
175.106.10.227,7878,Indonesia,connect.txt
103.124.137.99,8080,Indonesia,connect.txt
92.255.196.39,8080,Russia,connect.txt
103.171.245.137,1080,Indonesia,connect.txt
103.142.60.188,8080,Indonesia,connect.txt
154.73.29.65,8080,Libya,connect.txt
27.74.247.173,8080,Vietnam,connect.txt
103.25.111.246,8080,Indonesia,connect.txt
58.147.186.31,3125,Indonesia,connect.txt
160.25.222.205,8181,Indonesia,connect.txt
181.188.238.147,999,Ecuador,connect.txt
157.10.97.155,1111,Indonesia,connect.txt
38.183.146.173,8181,Indonesia,connect.txt
27.50.29.166,8085,Indonesia,connect.txt
103.230.81.124,8080,Indonesia,connect.txt
45.230.170.30,999,Venezuela,connect.txt
103.117.194.250,8080,Bangladesh,connect.txt
45.180.16.212,9292,Brazil,connect.txt
113.192.48.53,8080,Indonesia,connect.txt
103.169.33.30,8080,Indonesia,connect.txt
38.51.243.81,999,Colombia,connect.txt
5.128.120.101,8181,Russia,connect.txt
103.168.254.81,1111,Indonesia,connect.txt
139.135.141.12,8095,Philippines,connect.txt
103.46.5.51,3125,Indonesia,connect.txt
177.93.58.105,999,Colombia,connect.txt
103.131.219.26,8080,Indonesia,connect.txt
103.210.35.114,3001,Indonesia,connect.txt
103.167.170.199,1111,Indonesia,connect.txt
103.101.216.38,8080,Indonesia,connect.txt
182.71.12.186,8080,India,connect.txt
58.147.187.20,8080,Indonesia,connect.txt
181.114.224.37,8080,Argentina,connect.txt
103.191.58.65,8080,Indonesia,connect.txt
216.122.181.210,999,Dominican Republic,connect.txt
5.181.178.69,8080,Indonesia,connect.txt
202.154.18.148,8080,Indonesia,connect.txt
103.125.174.62,8080,Indonesia,connect.txt
103.147.77.166,8082,Indonesia,connect.txt
186.96.50.113,999,Mexico,connect.txt
89.43.31.134,3128,T�rkiye,connect.txt
185.236.182.114,999,Colombia,connect.txt
207.248.0.161,999,Chile,connect.txt
168.121.220.68,999,Peru,connect.txt
103.245.36.15,1111,Indonesia,connect.txt
172.188.122.92,80,Singapore,connect.txt
77.238.103.98,8080,Russia,connect.txt
160.25.245.9,8090,Indonesia,connect.txt
160.25.48.33,9090,Indonesia,connect.txt
103.46.11.156,7500,Indonesia,connect.txt
45.182.21.150,999,Honduras,connect.txt
45.174.176.161,8088,Brazil,connect.txt
102.209.148.2,8080,Ghana,connect.txt
103.231.236.82,8070,Indonesia,connect.txt
103.125.116.114,8080,Indonesia,connect.txt
103.159.96.52,8080,Indonesia,connect.txt
103.126.119.252,8181,Indonesia,connect.txt
59.98.4.102,8080,India,connect.txt
201.77.97.96,999,Mexico,connect.txt
190.8.164.120,999,Venezuela,connect.txt
120.28.131.22,8082,Philippines,connect.txt
121.101.132.39,8080,Indonesia,connect.txt
200.41.170.212,11201,Argentina,connect.txt
220.130.186.59,8080,Taiwan,connect.txt
102.213.248.60,8080,Kenya,connect.txt
103.39.70.250,8181,Indonesia,connect.txt
38.252.213.67,999,Peru,connect.txt
138.117.231.133,999,Guatemala,connect.txt
102.68.128.212,8080,Libya,connect.txt
181.14.211.72,3128,Argentina,connect.txt
186.190.224.86,999,Colombia,connect.txt
102.66.97.32,8080,South Africa,connect.txt
45.123.143.4,8080,Indonesia,connect.txt
163.61.55.119,8080,,connect.txt
103.148.113.170,8080,Indonesia,connect.txt
190.61.61.155,999,Colombia,connect.txt
103.169.41.212,8080,Indonesia,connect.txt
27.71.71.110,8080,Vietnam,connect.txt
5.102.109.41,999,Mexico,connect.txt
38.156.75.34,8080,T�rkiye,connect.txt
223.205.16.66,8080,Thailand,connect.txt
203.172.225.227,8080,Thailand,connect.txt
58.11.14.165,8080,Thailand,connect.txt
103.139.98.69,8080,Indonesia,connect.txt
116.212.137.74,8080,Cambodia,connect.txt
103.97.141.19,8084,Indonesia,connect.txt
160.20.38.10,8080,Indonesia,connect.txt
103.234.35.152,8082,Indonesia,connect.txt
110.235.146.178,8080,Philippines,connect.txt
160.25.36.246,1111,Indonesia,connect.txt
200.107.142.36,3128,Peru,connect.txt
190.111.218.139,999,Argentina,connect.txt
165.90.64.216,8080,Mozambique,connect.txt
170.78.5.214,8080,Brazil,connect.txt
201.230.8.146,999,Peru,connect.txt
212.170.207.127,3128,Spain,connect.txt
194.29.60.220,8080,Ukraine,connect.txt
190.111.218.142,999,Argentina,connect.txt
219.92.103.218,8080,Malaysia,connect.txt
120.28.216.23,8080,Philippines,connect.txt
103.255.243.10,8080,Indonesia,connect.txt
188.0.167.195,8080,Russia,connect.txt
103.39.70.225,8181,Indonesia,connect.txt
95.214.123.76,8080,Hungary,connect.txt
81.196.83.124,8080,Romania,connect.txt
103.191.196.206,8080,Indonesia,connect.txt
201.150.6.201,8081,Mexico,connect.txt
103.178.171.37,8080,Indonesia,connect.txt
45.196.241.191,8001,Hong Kong,connect.txt
168.196.115.210,50000,Argentina,connect.txt
103.154.52.4,1111,Indonesia,connect.txt
181.129.1.229,999,Colombia,connect.txt
8.210.117.141,8888,Hong Kong,connect.txt
79.116.15.191,3128,Spain,connect.txt
171.6.200.153,8080,Thailand,connect.txt
45.196.241.9,8001,Hong Kong,connect.txt
184.82.61.123,8080,Thailand,connect.txt
180.254.159.88,8080,Indonesia,connect.txt
198.145.118.57,8080,T�rkiye,connect.txt
168.197.182.222,8080,Brazil,connect.txt
103.70.122.67,8080,Indonesia,connect.txt
49.150.62.84,8082,Philippines,connect.txt
188.132.221.126,8085,T�rkiye,connect.txt
38.252.82.87,9090,Brazil,connect.txt
103.125.18.39,8080,Indonesia,connect.txt
203.150.113.2,8080,Thailand,connect.txt
155.94.128.15,10809,United States,connect.txt
155.94.128.201,10809,United States,connect.txt
110.191.167.224,8118,China,connect.txt
181.13.216.206,999,Argentina,connect.txt
206.189.104.140,3128,The Netherlands,connect.txt
103.156.16.234,8818,Indonesia,connect.txt
182.53.22.247,8080,Thailand,connect.txt
171.4.179.152,8080,Thailand,connect.txt
124.122.9.106,8080,Thailand,connect.txt
103.57.36.185,8080,Indonesia,connect.txt
45.238.20.156,999,Chile,connect.txt
38.44.247.17,999,Dominican Republic,connect.txt
113.22.3.192,32055,Vietnam,connect.txt
206.189.236.190,3128,United States,connect.txt
72.10.160.174,32841,Indonesia,connect.txt
154.85.58.149,80,United States,http.txt
8.209.255.13,3128,Japan,http.txt
103.49.114.195,8080,Bangladesh,http.txt
185.101.16.52,80,Lebanon,http.txt
45.231.170.137,999,Mexico,http.txt
103.41.250.97,8080,Indonesia,http.txt
93.180.221.205,8080,Iraq,http.txt
84.39.112.144,3128,Switzerland,http.txt
148.66.6.213,80,Hong Kong,http.txt
36.94.232.177,3113,Indonesia,http.txt
87.248.129.26,80,United Arab Emirates,http.txt
154.73.28.129,8080,Libya,http.txt
103.124.136.207,8080,Indonesia,http.txt
103.139.127.244,8080,Indonesia,http.txt
103.146.185.140,1111,Indonesia,http.txt
142.93.202.130,3128,United States,http.txt
54.37.207.54,3128,France,http.txt
188.132.222.4,8080,T�rkiye,http.txt
110.235.250.77,8080,Cambodia,http.txt
180.178.37.114,80,Hong Kong,http.txt
118.69.183.149,8080,Vietnam,http.txt
181.209.66.179,1120,Argentina,http.txt
41.216.174.34,8082,Nigeria,http.txt
182.93.75.162,8080,Nepal,http.txt
103.133.26.106,8080,Indonesia,http.txt
149.113.84.36,8080,Indonesia,http.txt
38.7.20.198,999,Mexico,http.txt
103.180.118.207,7777,Indonesia,http.txt
153.127.195.58,4444,Japan,http.txt
181.188.238.146,999,Ecuador,http.txt
109.127.82.18,8080,Iraq,http.txt
27.112.66.122,8181,Indonesia,http.txt
102.210.28.133,8080,Kenya,http.txt
157.20.253.208,1111,Indonesia,http.txt
102.68.139.1,83,Zambia,http.txt
103.153.62.155,8080,Indonesia,http.txt
103.156.17.56,8181,Indonesia,http.txt
196.221.197.195,1981,Egypt,http.txt
120.28.194.248,8282,Philippines,http.txt
36.93.56.58,8080,Indonesia,http.txt
148.66.6.212,80,Hong Kong,http.txt
148.66.6.210,80,Hong Kong,http.txt
4.149.210.210,3128,United States,http.txt
181.65.169.37,999,Peru,http.txt
182.253.42.148,8082,Indonesia,http.txt
103.188.252.28,8080,Indonesia,http.txt
201.150.119.171,999,Mexico,http.txt
62.162.193.125,8081,North Macedonia,http.txt
170.78.210.123,999,Mexico,http.txt
38.65.172.81,999,Mexico,http.txt
38.156.13.74,999,Colombia,http.txt
154.0.14.116,3128,South Africa,http.txt
212.69.114.161,8080,Russia,http.txt
103.68.214.108,8080,Indonesia,http.txt
38.183.146.143,8090,Indonesia,http.txt
38.65.172.3,999,Mexico,http.txt
9.223.187.19,3128,Sweden,http.txt
150.109.37.211,3128,Hong Kong,http.txt
38.156.75.227,8080,T�rkiye,http.txt
38.194.246.34,999,Mexico,http.txt
34.143.143.61,7777,Singapore,http.txt
113.192.2.23,7777,Indonesia,http.txt
157.66.50.105,8181,Indonesia,http.txt
103.124.137.150,20,Japan,http.txt
157.20.252.154,1111,Indonesia,http.txt
38.191.42.200,999,Colombia,http.txt
121.200.62.217,765,Bangladesh,http.txt
77.104.76.230,8080,Iran,http.txt
203.111.253.106,8080,Indonesia,http.txt
8.213.151.128,3128,Singapore,http.txt
47.243.92.199,3128,Hong Kong,http.txt
47.91.104.88,3128,United Arab Emirates,http.txt
181.57.229.2,8080,Colombia,http.txt
177.234.217.45,999,Ecuador,http.txt
103.189.254.28,2222,Indonesia,http.txt
103.181.255.241,8080,Indonesia,http.txt
41.59.90.175,80,Tanzania,http.txt
47.254.88.250,13001,United States,http.txt
201.77.96.160,999,Mexico,http.txt
14.225.210.186,3129,Vietnam,http.txt
62.80.166.106,8888,Ukraine,http.txt
181.204.106.99,999,Colombia,http.txt
177.234.217.86,999,Ecuador,http.txt
178.63.237.156,80,Germany,http.txt
201.150.118.26,999,Mexico,http.txt
201.150.118.38,999,Mexico,http.txt
103.118.175.186,1080,Indonesia,http.txt
51.15.228.52,8080,France,http.txt
197.248.137.129,8080,Kenya,http.txt
205.209.106.26,3128,United States,http.txt
213.131.85.27,1981,Egypt,http.txt
38.65.172.2,999,Mexico,http.txt
36.95.245.7,8090,Indonesia,http.txt
94.103.83.90,3128,Russia,http.txt
47.89.184.18,3128,United States,http.txt
201.77.96.145,999,Mexico,http.txt
103.159.220.215,8080,Indonesia,http.txt
201.230.121.114,999,Peru,http.txt
103.39.70.100,8181,Indonesia,http.txt
149.86.142.194,8080,T�rkiye,http.txt
190.123.83.137,999,Argentina,http.txt
103.178.86.82,8080,Indonesia,http.txt
119.95.189.197,8082,Philippines,http.txt
180.191.49.95,8080,Philippines,http.txt
99.20.24.9,8888,United States,http.txt
103.118.44.190,8080,Cambodia,http.txt
8.222.235.39,3128,Singapore,http.txt
103.121.165.229,1443,China,http.txt
197.167.214.157,1976,Egypt,http.txt
149.86.142.62,8080,T�rkiye,http.txt
103.189.123.110,8080,Indonesia,http.txt
157.15.40.250,8080,Indonesia,http.txt
177.11.190.84,8080,Brazil,http.txt
138.0.143.119,8080,Brazil,http.txt
201.150.119.170,999,Mexico,http.txt
177.86.207.2,42864,Brazil,http.txt
148.206.32.3,8080,Mexico,http.txt
121.101.129.150,8080,Indonesia,http.txt
102.211.211.26,3128,Tunisia,http.txt
186.235.86.137,8080,Brazil,http.txt
157.66.36.103,3125,Indonesia,http.txt
186.96.79.64,999,Panama,http.txt
202.175.246.181,8080,Philippines,http.txt
203.96.229.229,8080,Indonesia,http.txt
197.248.98.55,8080,Kenya,http.txt
121.200.48.129,8080,India,http.txt
200.4.254.67,999,Peru,http.txt
163.223.78.105,8080,Japan,http.txt
94.136.143.92,8888,Slovakia,http.txt
187.249.114.251,8080,Mexico,http.txt
200.225.124.1,999,Chile,http.txt
154.27.196.213,999,Mexico,http.txt
45.170.226.250,999,Nicaragua,http.txt
92.58.181.171,1194,Spain,http.txt
49.48.113.181,8080,Thailand,http.txt
160.20.129.1,1111,Indonesia,http.txt
182.253.62.199,8080,Indonesia,http.txt
103.154.52.5,1111,Indonesia,http.txt
103.154.52.6,1111,Indonesia,http.txt
182.53.141.166,8080,Thailand,http.txt
89.58.52.160,80,Germany,http.txt
89.58.55.33,80,Germany,http.txt
89.58.53.205,80,Germany,http.txt
89.58.57.45,80,Germany,http.txt
45.161.32.81,8081,Ecuador,http.txt
89.58.55.193,80,Germany,http.txt
3.110.108.38,8888,India,http.txt
114.80.35.137,3081,China,http.txt
37.211.50.134,8080,Qatar,http.txt
203.95.196.128,8080,Cambodia,http.txt
140.238.30.184,8080,South Korea,http.txt
212.108.153.246,9090,Cyprus,http.txt
84.36.35.200,8080,Egypt,http.txt
213.131.85.26,1976,Egypt,http.txt
109.196.201.226,8081,Russia,http.txt
213.199.49.191,3128,Germany,http.txt
45.129.141.49,3128,Russia,http.txt
103.154.118.245,8080,Indonesia,http.txt
193.95.53.131,8077,Tunisia,http.txt
185.5.155.104,8080,Saudi Arabia,http.txt
197.165.238.29,8080,Egypt,http.txt
101.109.50.245,8080,Thailand,http.txt
143.198.42.182,31280,Canada,http.txt
103.137.110.42,8080,Indonesia,http.txt
155.94.128.113,10809,United States,http.txt
186.148.184.157,999,Colombia,http.txt
103.42.118.29,8080,Indonesia,http.txt
103.118.44.152,8080,Cambodia,http.txt
38.191.85.32,999,Peru,http.txt
171.237.119.251,1015,Vietnam,http.txt
49.48.50.19,8080,Thailand,http.txt
3.110.127.154,3128,India,http.txt
49.48.71.37,8080,Thailand,http.txt
103.183.19.34,3128,Indonesia,http.txt
181.78.78.221,999,Colombia,http.txt
27.79.250.122,16000,Vietnam,http.txt
38.44.242.1,999,Dominican Republic,http.txt
103.242.104.208,7777,Indonesia,http.txt
171.237.83.195,1015,Vietnam,http.txt
42.117.142.180,32059,Vietnam,http.txt
5.161.65.47,8888,United States,https.txt
5.161.104.22,8888,United States,https.txt
5.161.72.12,8888,United States,https.txt
134.209.108.22,8888,Singapore,https.txt
134.209.108.84,8888,Singapore,https.txt
134.209.108.165,8888,Singapore,https.txt
134.209.108.167,8888,Singapore,https.txt
84.17.47.150,9002,The Netherlands,https.txt
84.17.47.149,9002,The Netherlands,https.txt
84.17.47.148,9002,The Netherlands,https.txt
84.17.47.147,9002,The Netherlands,https.txt
84.17.47.146,9002,The Netherlands,https.txt
84.17.47.126,9002,The Netherlands,https.txt
84.17.47.125,9002,The Netherlands,https.txt
84.17.47.124,9002,The Netherlands,https.txt
5.161.156.91,8888,United States,https.txt
5.161.42.38,8888,United States,https.txt
178.128.221.182,8888,Singapore,https.txt
134.209.99.88,8888,Singapore,https.txt
192.248.152.39,8888,United Kingdom,https.txt
155.138.144.61,8888,Canada,https.txt
192.248.155.67,8888,United Kingdom,https.txt
155.138.149.154,8888,Canada,https.txt
155.138.151.230,8888,Canada,https.txt
155.138.130.128,8888,Canada,https.txt
45.63.97.57,8888,United Kingdom,https.txt
155.138.159.63,8888,Canada,https.txt
141.147.9.254,443,Germany,https.txt
193.176.84.16,9002,Romania,https.txt
193.176.84.19,9002,Romania,https.txt
193.176.84.20,9002,Romania,https.txt
193.176.84.21,9002,Romania,https.txt
193.176.84.22,9002,Romania,https.txt
193.176.84.23,9002,Romania,https.txt
45.77.187.120,8888,United States,https.txt
65.108.150.56,8443,Finland,https.txt
102.223.20.217,443,Ghana,https.txt
194.67.91.153,443,Russia,https.txt
203.57.51.53,443,Australia,https.txt
129.151.160.199,443,South Africa,https.txt
202.61.204.51,443,Germany,https.txt
74.103.66.15,443,United States,https.txt
31.28.4.192,443,Russia,https.txt
167.99.124.118,443,United States,https.txt
4.188.236.47,443,India,https.txt
95.179.197.240,8888,United Kingdom,https.txt
103.37.111.253,10086,Japan,https.txt
78.28.152.113,443,Bosnia and Herzegovina,https.txt
206.81.26.113,443,Germany,https.txt
23.88.59.163,443,Germany,https.txt
23.106.249.54,443,Singapore,https.txt
23.106.249.36,443,Singapore,https.txt
95.179.232.127,8888,United Kingdom,https.txt
23.106.56.35,443,United Kingdom,https.txt
51.38.191.151,443,France,https.txt
23.106.249.39,443,Singapore,https.txt
23.106.249.37,443,Singapore,https.txt
147.182.180.242,443,United States,https.txt
154.65.39.7,443,Senegal,https.txt
154.65.39.8,443,Senegal,https.txt
207.244.89.162,443,United States,https.txt
103.37.111.253,10089,Japan,https.txt
23.106.249.35,443,Singapore,https.txt
207.178.166.187,443,United States,https.txt
103.179.190.121,443,Vietnam,https.txt
23.106.249.34,443,Singapore,https.txt
23.106.56.54,443,United Kingdom,https.txt
116.203.117.22,443,Germany,https.txt
65.108.104.111,443,Finland,https.txt
167.172.78.155,8888,Singapore,https.txt
78.141.244.9,8888,United Kingdom,https.txt
78.141.193.27,8888,United Kingdom,https.txt
184.168.123.21,443,Singapore,https.txt
128.199.207.200,443,Singapore,https.txt
144.91.90.109,443,Germany,https.txt
45.114.142.178,443,India,https.txt
34.68.168.129,443,United States,https.txt
138.199.35.215,9002,United States,https.txt
138.199.35.214,9002,United States,https.txt
138.199.35.213,9002,United States,https.txt
138.199.35.212,9002,United States,https.txt
138.199.35.208,9002,United States,https.txt
138.199.35.205,9002,United States,https.txt
138.199.35.204,9002,United States,https.txt
138.199.35.203,9002,United States,https.txt
138.199.35.201,9002,United States,https.txt
138.199.35.200,9002,United States,https.txt
138.199.35.198,9002,United States,https.txt
138.199.35.197,9002,United States,https.txt
138.199.35.196,9002,United States,https.txt
138.199.35.195,9002,United States,https.txt
143.198.206.72,8888,Singapore,https.txt
193.176.84.24,9002,Romania,https.txt
193.176.84.32,9002,Romania,https.txt
193.176.84.34,9002,Romania,https.txt
193.176.84.35,9002,Romania,https.txt
193.176.84.37,9002,Romania,https.txt
193.176.84.39,9002,Romania,https.txt
193.176.84.40,9002,Romania,https.txt
89.117.55.119,443,Germany,https.txt
193.176.84.9,9002,Romania,https.txt
193.176.84.10,9002,Romania,https.txt
193.176.84.11,9002,Romania,https.txt
193.176.84.12,9002,Romania,https.txt
138.199.35.199,9002,United States,https.txt
138.199.35.217,9002,United States,https.txt
8.218.211.134,3128,Hong Kong,https.txt
167.71.166.28,8443,United States,https.txt
57.129.1.214,443,Germany,https.txt
156.146.59.28,9002,United States,https.txt
156.146.59.29,9002,United States,https.txt
156.146.59.50,9002,United States,https.txt
34.120.193.19,443,United States,https.txt
217.69.241.186,443,Germany,https.txt
162.243.95.8,443,United States,https.txt
188.165.213.106,443,France,https.txt
116.203.49.36,443,Germany,https.txt
23.106.249.52,443,Singapore,https.txt
162.210.194.2,443,United States,https.txt
80.151.202.204,443,Germany,https.txt
84.239.49.164,9002,Romania,https.txt
156.146.59.8,9002,United States,https.txt
156.146.59.13,9002,United States,https.txt
156.146.59.2,9002,United States,https.txt
156.146.59.3,9002,United States,https.txt
156.146.59.4,9002,United States,https.txt
156.146.59.5,9002,United States,https.txt
156.146.59.6,9002,United States,https.txt
156.146.59.7,9002,United States,https.txt
156.146.59.9,9002,United States,https.txt
156.146.59.10,9002,United States,https.txt
84.239.49.37,9002,Romania,https.txt
84.239.49.38,9002,Romania,https.txt
84.239.49.39,9002,Romania,https.txt
156.146.59.11,9002,United States,https.txt
84.239.49.40,9002,Romania,https.txt
84.239.49.41,9002,Romania,https.txt
84.239.49.43,9002,Romania,https.txt
84.239.49.44,9002,Romania,https.txt
84.239.49.45,9002,Romania,https.txt
84.239.49.46,9002,Romania,https.txt
84.239.49.47,9002,Romania,https.txt
84.239.49.48,9002,Romania,https.txt
84.239.49.49,9002,Romania,https.txt
84.239.49.50,9002,Romania,https.txt
156.146.59.12,9002,United States,https.txt
84.239.49.51,9002,Romania,https.txt
156.146.59.14,9002,United States,https.txt
156.146.59.15,9002,United States,https.txt
156.146.59.16,9002,United States,https.txt
156.146.59.17,9002,United States,https.txt
156.146.59.18,9002,United States,https.txt
156.146.59.19,9002,United States,https.txt
156.146.59.20,9002,United States,https.txt
84.239.49.157,9002,Romania,https.txt
84.239.49.161,9002,Romania,https.txt
84.239.49.169,9002,Romania,https.txt
84.239.49.200,9002,Romania,https.txt
84.239.49.204,9002,Romania,https.txt
84.239.49.209,9002,Romania,https.txt
84.239.49.218,9002,Romania,https.txt
84.239.49.220,9002,Romania,https.txt
84.239.49.229,9002,Romania,https.txt
84.239.49.231,9002,Romania,https.txt
84.239.49.244,9002,Romania,https.txt
84.239.49.246,9002,Romania,https.txt
84.239.49.247,9002,Romania,https.txt
84.239.49.248,9002,Romania,https.txt
84.239.49.249,9002,Romania,https.txt
84.239.49.250,9002,Romania,https.txt
84.239.49.251,9002,Romania,https.txt
84.239.49.253,9002,Romania,https.txt
84.239.49.254,9002,Romania,https.txt
84.239.14.176,9002,Romania,https.txt
84.239.14.160,9002,Romania,https.txt
84.239.14.146,9002,Romania,https.txt
84.239.14.147,9002,Romania,https.txt
84.239.14.148,9002,Romania,https.txt
84.239.14.149,9002,Romania,https.txt
84.239.14.150,9002,Romania,https.txt
84.239.14.151,9002,Romania,https.txt
84.239.14.152,9002,Romania,https.txt
84.239.14.153,9002,Romania,https.txt
84.239.14.154,9002,Romania,https.txt
84.239.14.155,9002,Romania,https.txt
84.239.14.156,9002,Romania,https.txt
84.239.14.157,9002,Romania,https.txt
84.239.14.158,9002,Romania,https.txt
84.239.14.159,9002,Romania,https.txt
84.239.14.162,9002,Romania,https.txt
84.239.14.163,9002,Romania,https.txt
84.239.14.164,9002,Romania,https.txt
84.239.14.165,9002,Romania,https.txt
84.239.14.166,9002,Romania,https.txt
84.239.14.167,9002,Romania,https.txt
84.239.14.168,9002,Romania,https.txt
84.239.14.169,9002,Romania,https.txt
84.239.14.170,9002,Romania,https.txt
84.239.14.171,9002,Romania,https.txt
84.239.14.172,9002,Romania,https.txt
84.239.14.173,9002,Romania,https.txt
84.239.14.174,9002,Romania,https.txt
84.239.14.175,9002,Romania,https.txt
162.210.194.4,443,United States,https.txt
192.73.244.36,443,United States,https.txt
162.210.194.1,443,United States,https.txt
202.51.68.205,443,Nepal,https.txt
51.254.213.34,443,France,https.txt
51.195.137.60,443,United Kingdom,https.txt
156.232.10.14,3128,United States,https.txt
51.79.173.71,443,Singapore,https.txt
133.242.203.223,443,Japan,https.txt
62.138.18.91,443,France,https.txt
149.202.91.219,443,France,https.txt
23.106.56.2,443,United Kingdom,https.txt
102.130.125.86,443,South Africa,https.txt
130.180.208.145,443,France,https.txt
8.213.150.45,3128,Singapore,https.txt
79.174.12.190,443,Russia,https.txt
159.65.244.233,443,United States,https.txt
20.205.138.223,443,Hong Kong,https.txt
156.146.59.49,9002,United States,https.txt
84.239.49.154,9002,Romania,https.txt
84.239.49.191,9002,Romania,https.txt
84.239.49.238,9002,Romania,https.txt
193.176.84.7,9002,Romania,https.txt
156.146.59.41,9002,United States,https.txt
84.239.49.180,9002,Romania,https.txt
84.239.49.245,9002,Romania,https.txt
84.239.49.55,9002,Romania,https.txt
84.239.49.199,9002,Romania,https.txt
138.199.35.207,9002,United States,https.txt
207.244.89.166,443,United States,https.txt
84.239.49.242,9002,Romania,https.txt
84.239.49.178,9002,Romania,https.txt
193.176.84.36,9002,Romania,https.txt
84.239.49.166,9002,Romania,https.txt
138.199.35.220,9002,United States,https.txt
84.239.49.243,9002,Romania,https.txt
23.106.56.52,443,United Kingdom,https.txt
80.154.6.2,8443,Germany,https.txt
84.239.49.211,9002,Romania,https.txt
84.239.49.170,9002,Romania,https.txt
84.239.49.62,9002,Romania,https.txt
193.176.84.3,9002,Romania,https.txt
5.189.154.210,443,Germany,https.txt
84.239.49.60,9002,Romania,https.txt
151.115.78.51,443,Poland,https.txt
84.239.49.219,9002,Romania,https.txt
138.199.35.216,9002,United States,https.txt
193.176.84.29,9002,Romania,https.txt
193.176.84.8,9002,Romania,https.txt
84.239.49.165,9002,Romania,https.txt
84.239.49.230,9002,Romania,https.txt
138.199.35.218,9002,United States,https.txt
193.176.84.33,9002,Romania,https.txt
138.199.35.202,9002,United States,https.txt
84.239.49.162,9002,Romania,https.txt
84.239.49.167,9002,Romania,https.txt
84.239.49.163,9002,Romania,https.txt
193.176.84.14,9002,Romania,https.txt
84.239.49.224,9002,Romania,https.txt
84.17.47.123,9002,The Netherlands,https.txt
84.239.49.188,9002,Romania,https.txt
156.146.59.34,9002,United States,https.txt
23.106.56.43,443,United Kingdom,https.txt
84.239.49.160,9002,Romania,https.txt
156.146.59.22,9002,United States,https.txt
156.146.59.27,9002,United States,https.txt
84.239.49.214,9002,Romania,https.txt
207.244.71.84,443,United States,https.txt
37.9.171.157,443,Slovakia,https.txt
138.199.36.163,9002,Germany,https.txt
84.239.49.232,9002,Romania,https.txt
84.239.49.233,9002,Romania,https.txt
156.146.59.23,9002,United States,https.txt
193.176.84.30,9002,Romania,https.txt
84.239.49.175,9002,Romania,https.txt
84.239.49.186,9002,Romania,https.txt
156.146.59.39,9002,United States,https.txt
84.239.49.172,9002,Romania,https.txt
84.239.49.177,9002,Romania,https.txt
138.199.36.159,9002,Germany,https.txt
84.239.49.173,9002,Romania,https.txt
84.239.49.201,9002,Romania,https.txt
156.146.59.25,9002,United States,https.txt
156.146.59.31,9002,United States,https.txt
84.239.49.61,9002,Romania,https.txt
84.239.49.221,9002,Romania,https.txt
84.239.49.235,9002,Romania,https.txt
84.239.49.240,9002,Romania,https.txt
84.239.49.194,9002,Romania,https.txt
84.239.49.185,9002,Romania,https.txt
69.160.109.210,4444,Jamaica,https.txt
193.176.84.6,9002,Romania,https.txt
84.239.49.159,9002,Romania,https.txt
84.239.49.59,9002,Romania,https.txt
84.239.49.236,9002,Romania,https.txt
156.146.59.44,9002,United States,https.txt
193.176.84.4,9002,Romania,https.txt
84.239.49.183,9002,Romania,https.txt
84.239.49.168,9002,Romania,https.txt
84.239.49.176,9002,Romania,https.txt
193.176.84.38,9002,Romania,https.txt
84.239.49.182,9002,Romania,https.txt
138.199.35.219,9002,United States,https.txt
84.239.49.187,9002,Romania,https.txt
84.239.49.56,9002,Romania,https.txt
84.239.49.202,9002,Romania,https.txt
162.210.194.3,443,United States,https.txt
156.146.59.32,9002,United States,https.txt
156.146.59.37,9002,United States,https.txt
84.239.49.207,9002,Romania,https.txt
84.239.49.227,9002,Romania,https.txt
84.239.49.179,9002,Romania,https.txt
84.239.49.222,9002,Romania,https.txt
138.199.35.206,9002,United States,https.txt
193.176.84.17,9002,Romania,https.txt
193.176.84.13,9002,Romania,https.txt
138.199.36.162,9002,Germany,https.txt
84.239.49.223,9002,Romania,https.txt
84.239.49.210,9002,Romania,https.txt
84.239.49.171,9002,Romania,https.txt
156.146.59.33,9002,United States,https.txt
138.199.35.211,9002,United States,https.txt
84.239.49.203,9002,Romania,https.txt
84.239.49.252,9002,Romania,https.txt
156.146.59.48,9002,United States,https.txt
84.239.49.239,9002,Romania,https.txt
84.239.49.54,9002,Romania,https.txt
84.239.49.156,9002,Romania,https.txt
84.239.49.205,9002,Romania,https.txt
156.146.59.21,9002,United States,https.txt
156.146.59.35,9002,United States,https.txt
84.239.49.198,9002,Romania,https.txt
84.239.49.225,9002,Romania,https.txt
138.199.36.161,9002,Germany,https.txt
84.239.49.155,9002,Romania,https.txt
156.146.59.40,9002,United States,https.txt
84.239.49.181,9002,Romania,https.txt
84.239.49.226,9002,Romania,https.txt
84.239.49.190,9002,Romania,https.txt
156.146.59.36,9002,United States,https.txt
84.239.49.206,9002,Romania,https.txt
84.239.49.189,9002,Romania,https.txt
138.201.47.105,8443,Germany,https.txt
84.239.49.53,9002,Romania,https.txt
84.239.49.228,9002,Romania,https.txt
138.199.35.209,9002,United States,https.txt
193.176.84.26,9002,Romania,https.txt
23.106.56.53,443,United Kingdom,https.txt
23.106.56.19,443,United Kingdom,https.txt
185.141.63.101,443,Cyprus,https.txt
84.239.49.213,9002,Romania,https.txt
84.239.49.234,9002,Romania,https.txt
84.239.49.217,9002,Romania,https.txt
47.88.35.91,3128,United States,https.txt
147.45.104.252,443,Russia,https.txt
46.246.96.14,443,Sweden,https.txt
51.83.190.248,443,Poland,https.txt
212.118.37.238,443,The Netherlands,https.txt
79.139.61.227,443,Hungary,https.txt
149.126.16.38,443,Russia,https.txt
159.65.189.245,8888,United States,https.txt
68.183.62.98,8888,United States,https.txt
162.210.194.4,838,United States,https.txt
162.210.194.1,838,United States,https.txt
162.210.194.2,838,United States,https.txt
162.210.194.3,838,United States,https.txt
143.198.22.162,8888,United States,https.txt
143.198.22.113,8888,United States,https.txt
23.106.249.34,425,Singapore,https.txt
23.106.249.35,425,Singapore,https.txt
23.106.249.36,425,Singapore,https.txt
23.106.249.52,425,Singapore,https.txt
23.106.249.53,425,Singapore,https.txt
23.106.249.54,425,Singapore,https.txt
23.106.56.2,425,United Kingdom,https.txt
162.210.194.2,425,United States,https.txt
162.210.194.1,425,United States,https.txt
162.210.194.4,425,United States,https.txt
162.210.194.3,425,United States,https.txt
23.106.56.19,425,United Kingdom,https.txt
23.106.56.35,425,United Kingdom,https.txt
23.106.56.43,425,United Kingdom,https.txt
23.106.56.53,425,United Kingdom,https.txt
23.106.56.54,425,United Kingdom,https.txt
207.244.89.161,425,United States,https.txt
207.244.89.162,425,United States,https.txt
207.244.89.166,425,United States,https.txt
207.244.89.161,436,United States,https.txt
13.66.206.110,443,United States,https.txt
40.113.199.101,443,United States,https.txt
52.184.228.103,443,United States,https.txt
40.122.106.245,443,United States,https.txt
13.77.70.244,443,United States,https.txt
207.244.71.84,461,United States,https.txt
207.244.89.161,461,United States,https.txt
207.244.89.162,461,United States,https.txt
207.244.89.166,461,United States,https.txt
188.166.90.39,8888,The Netherlands,https.txt
188.166.87.45,8888,The Netherlands,https.txt
188.166.82.32,8888,The Netherlands,https.txt
46.246.96.14,143,Sweden,https.txt
159.65.245.255,443,United States,https.txt
162.210.194.3,461,United States,https.txt
8.219.90.226,3128,Singapore,https.txt
154.26.139.232,443,Singapore,https.txt
154.90.48.76,443,Indonesia,https.txt
72.167.140.229,443,United States,https.txt
51.158.253.115,443,France,https.txt
51.158.253.130,443,France,https.txt
51.158.253.120,443,France,https.txt
51.158.253.113,443,France,https.txt
216.128.177.20,8888,Canada,https.txt
45.32.145.238,8888,France,https.txt
209.97.153.210,8888,United States,https.txt
209.97.153.149,8888,United States,https.txt
209.97.153.60,8888,United States,https.txt
216.128.177.59,8888,Canada,https.txt
216.128.183.100,8888,Canada,https.txt
23.106.249.35,436,Singapore,https.txt
23.106.249.53,436,Singapore,https.txt
23.106.56.53,436,United Kingdom,https.txt
162.210.194.4,436,United States,https.txt
162.210.194.1,436,United States,https.txt
23.106.56.52,436,United Kingdom,https.txt
23.106.249.37,436,Singapore,https.txt
207.244.89.162,436,United States,https.txt
162.210.194.2,436,United States,https.txt
207.244.89.166,436,United States,https.txt
23.106.56.19,436,United Kingdom,https.txt
23.106.56.43,436,United Kingdom,https.txt
23.106.249.54,436,Singapore,https.txt
162.210.194.3,436,United States,https.txt
23.106.56.2,436,United Kingdom,https.txt
23.106.56.35,436,United Kingdom,https.txt
23.106.249.34,436,Singapore,https.txt
23.106.249.52,436,Singapore,https.txt
23.106.249.39,436,Singapore,https.txt
23.106.56.54,436,United Kingdom,https.txt
23.106.249.36,436,Singapore,https.txt
207.244.71.84,436,United States,https.txt
51.158.253.153,443,France,https.txt
23.106.56.22,436,United Kingdom,https.txt
51.158.253.152,443,France,https.txt
23.106.56.53,838,United Kingdom,https.txt
23.106.56.2,838,United Kingdom,https.txt
23.106.56.52,838,United Kingdom,https.txt
23.106.249.53,838,Singapore,https.txt
23.106.249.52,838,Singapore,https.txt
23.106.56.43,1007,United Kingdom,https.txt
23.106.249.37,1007,Singapore,https.txt
23.106.56.22,1007,United Kingdom,https.txt
162.210.194.3,1007,United States,https.txt
23.106.56.35,1007,United Kingdom,https.txt
23.106.249.52,1007,Singapore,https.txt
162.210.194.1,1007,United States,https.txt
23.106.56.53,1007,United Kingdom,https.txt
162.210.194.4,1007,United States,https.txt
23.106.56.2,1007,United Kingdom,https.txt
162.210.194.2,1007,United States,https.txt
23.106.249.53,1007,Singapore,https.txt
23.106.56.19,1007,United Kingdom,https.txt
23.106.56.52,1007,United Kingdom,https.txt
23.106.249.54,901,Singapore,https.txt
23.106.249.52,901,Singapore,https.txt
162.210.194.4,901,United States,https.txt
23.106.56.35,901,United Kingdom,https.txt
23.106.56.22,901,United Kingdom,https.txt
207.244.89.162,901,United States,https.txt
23.106.56.52,901,United Kingdom,https.txt
23.106.56.54,901,United Kingdom,https.txt
207.244.71.84,901,United States,https.txt
23.106.56.53,901,United Kingdom,https.txt
23.106.56.2,901,United Kingdom,https.txt
23.106.249.36,901,Singapore,https.txt
23.106.56.19,901,United Kingdom,https.txt
23.106.56.43,901,United Kingdom,https.txt
23.106.249.35,901,Singapore,https.txt
162.210.194.1,901,United States,https.txt
162.210.194.2,901,United States,https.txt
23.106.249.53,901,Singapore,https.txt
162.210.194.3,901,United States,https.txt
23.106.56.19,838,United Kingdom,https.txt
156.146.59.46,9002,United States,https.txt
84.239.49.42,9002,Romania,https.txt
156.146.59.42,9002,United States,https.txt
84.239.49.57,9002,Romania,https.txt
23.106.56.35,838,United Kingdom,https.txt
84.239.49.58,9002,Romania,https.txt
84.239.49.158,9002,Romania,https.txt
84.239.49.184,9002,Romania,https.txt
84.239.49.192,9002,Romania,https.txt
84.239.49.193,9002,Romania,https.txt
84.239.49.196,9002,Romania,https.txt
84.239.49.197,9002,Romania,https.txt
84.239.49.208,9002,Romania,https.txt
84.239.49.212,9002,Romania,https.txt
84.239.49.215,9002,Romania,https.txt
84.239.49.241,9002,Romania,https.txt
156.146.59.24,9002,United States,https.txt
156.146.59.30,9002,United States,https.txt
156.146.59.38,9002,United States,https.txt
156.146.59.43,9002,United States,https.txt
156.146.59.45,9002,United States,https.txt
156.146.59.47,9002,United States,https.txt
23.106.56.22,425,United Kingdom,https.txt
51.158.252.252,443,France,https.txt
23.106.56.53,905,United Kingdom,https.txt
134.209.89.168,8888,The Netherlands,https.txt
23.106.56.52,425,United Kingdom,https.txt
23.106.56.19,1015,United Kingdom,https.txt
23.106.249.52,1015,Singapore,https.txt
162.210.194.3,1015,United States,https.txt
23.106.56.2,1015,United Kingdom,https.txt
162.210.194.4,1015,United States,https.txt
162.210.194.1,1015,United States,https.txt
162.210.194.2,1015,United States,https.txt
51.158.253.114,443,France,https.txt
188.166.89.178,8888,The Netherlands,https.txt
188.166.89.62,8888,The Netherlands,https.txt
188.166.81.186,8888,The Netherlands,https.txt
23.106.56.35,1015,United Kingdom,https.txt
207.244.89.162,1015,United States,https.txt
23.106.56.22,1015,United Kingdom,https.txt
23.106.56.22,838,United Kingdom,https.txt
51.158.252.160,443,France,https.txt
51.158.253.128,443,France,https.txt
23.106.56.22,431,United Kingdom,https.txt
207.244.71.84,425,United States,https.txt
23.106.249.39,425,Singapore,https.txt
207.244.89.166,1015,United States,https.txt
23.106.56.52,1015,United Kingdom,https.txt
23.106.249.39,1015,Singapore,https.txt
207.244.89.162,838,United States,https.txt
207.244.89.166,901,United States,https.txt
23.106.249.37,425,Singapore,https.txt
23.106.249.37,1015,Singapore,https.txt
207.244.89.166,838,United States,https.txt
23.106.249.54,838,Singapore,https.txt
23.106.249.35,838,Singapore,https.txt
23.106.249.34,838,Singapore,https.txt
23.106.249.37,838,Singapore,https.txt
207.244.71.84,838,United States,https.txt
23.106.249.39,838,Singapore,https.txt
207.244.89.161,838,United States,https.txt
23.106.249.36,838,Singapore,https.txt
23.106.56.43,838,United Kingdom,https.txt
23.106.56.54,838,United Kingdom,https.txt
23.106.249.35,461,Singapore,https.txt
162.210.194.4,461,United States,https.txt
23.106.56.2,461,United Kingdom,https.txt
23.106.249.53,461,Singapore,https.txt
23.106.249.54,461,Singapore,https.txt
23.106.249.52,461,Singapore,https.txt
23.106.56.54,461,United Kingdom,https.txt
162.210.194.1,461,United States,https.txt
23.106.249.36,461,Singapore,https.txt
23.106.56.53,461,United Kingdom,https.txt
23.106.249.39,461,Singapore,https.txt
23.106.56.19,461,United Kingdom,https.txt
162.210.194.2,461,United States,https.txt
23.106.56.43,461,United Kingdom,https.txt
23.106.56.52,461,United Kingdom,https.txt
23.106.56.22,461,United Kingdom,https.txt
23.106.249.34,461,Singapore,https.txt
23.106.56.35,461,United Kingdom,https.txt
23.106.249.37,461,Singapore,https.txt
23.106.56.43,1015,United Kingdom,https.txt
207.244.89.166,1007,United States,https.txt
207.244.89.161,1007,United States,https.txt
23.106.249.34,1007,Singapore,https.txt
23.106.249.54,1007,Singapore,https.txt
23.106.249.36,1007,Singapore,https.txt
23.106.249.39,1007,Singapore,https.txt
207.244.71.84,1007,United States,https.txt
23.106.56.54,1007,United Kingdom,https.txt
23.106.249.35,1007,Singapore,https.txt
207.244.89.162,1007,United States,https.txt
23.106.249.34,901,Singapore,https.txt
23.106.249.37,901,Singapore,https.txt
23.106.249.39,901,Singapore,https.txt
207.244.89.161,901,United States,https.txt
23.106.249.54,1015,Singapore,https.txt
207.244.89.161,1015,United States,https.txt
23.106.249.35,1015,Singapore,https.txt
23.106.249.34,1015,Singapore,https.txt
207.244.71.84,1015,United States,https.txt
23.106.249.53,1015,Singapore,https.txt
23.106.56.54,1015,United Kingdom,https.txt
23.106.249.36,1015,Singapore,https.txt
23.106.56.53,1015,United Kingdom,https.txt
162.210.194.4,471,United States,https.txt
23.106.56.54,471,United Kingdom,https.txt
23.106.56.2,471,United Kingdom,https.txt
162.210.194.2,471,United States,https.txt
207.244.71.84,471,United States,https.txt
207.244.89.161,471,United States,https.txt
23.106.249.54,471,Singapore,https.txt
23.106.249.37,471,Singapore,https.txt
23.106.56.19,471,United Kingdom,https.txt
23.106.249.52,471,Singapore,https.txt
207.244.89.166,471,United States,https.txt
23.106.56.22,471,United Kingdom,https.txt
162.210.194.1,471,United States,https.txt
23.106.56.53,471,United Kingdom,https.txt
23.106.249.36,471,Singapore,https.txt
23.106.249.35,471,Singapore,https.txt
23.106.249.34,471,Singapore,https.txt
23.106.56.52,471,United Kingdom,https.txt
23.106.249.39,471,Singapore,https.txt
23.106.249.53,471,Singapore,https.txt
23.106.56.35,471,United Kingdom,https.txt
23.106.56.43,471,United Kingdom,https.txt
162.210.194.3,471,United States,https.txt
207.244.89.162,471,United States,https.txt
23.106.249.35,726,Singapore,https.txt
23.106.249.39,726,Singapore,https.txt
23.106.56.52,726,United Kingdom,https.txt
23.106.56.22,726,United Kingdom,https.txt
207.244.89.162,726,United States,https.txt
162.210.194.3,726,United States,https.txt
23.106.56.53,726,United Kingdom,https.txt
207.244.89.161,726,United States,https.txt
23.106.249.52,726,Singapore,https.txt
23.106.249.54,726,Singapore,https.txt
23.106.56.19,726,United Kingdom,https.txt
23.106.249.37,726,Singapore,https.txt
207.244.71.84,726,United States,https.txt
23.106.249.36,726,Singapore,https.txt
23.106.56.2,726,United Kingdom,https.txt
162.210.194.2,726,United States,https.txt
23.106.56.54,726,United Kingdom,https.txt
162.210.194.1,726,United States,https.txt
207.244.89.166,726,United States,https.txt
23.106.249.34,726,Singapore,https.txt
23.106.56.43,726,United Kingdom,https.txt
23.106.249.53,726,Singapore,https.txt
162.210.194.4,726,United States,https.txt
23.106.56.43,911,United Kingdom,https.txt
162.210.194.2,911,United States,https.txt
23.106.249.34,911,Singapore,https.txt
23.106.56.54,911,United Kingdom,https.txt
207.244.89.161,911,United States,https.txt
23.106.56.53,911,United Kingdom,https.txt
23.106.249.37,911,Singapore,https.txt
162.210.194.1,911,United States,https.txt
23.106.249.53,911,Singapore,https.txt
207.244.89.162,911,United States,https.txt
23.106.56.35,911,United Kingdom,https.txt
23.106.249.36,911,Singapore,https.txt
23.106.56.19,911,United Kingdom,https.txt
162.210.194.4,911,United States,https.txt
23.106.56.22,911,United Kingdom,https.txt
207.244.89.166,911,United States,https.txt
23.106.249.39,911,Singapore,https.txt
23.106.56.2,911,United Kingdom,https.txt
23.106.249.52,911,Singapore,https.txt
23.106.56.52,911,United Kingdom,https.txt
23.106.249.35,911,Singapore,https.txt
162.210.194.3,911,United States,https.txt
207.244.71.84,911,United States,https.txt
23.106.249.54,911,Singapore,https.txt
23.106.56.35,726,United Kingdom,https.txt
212.118.37.238,143,The Netherlands,https.txt
23.106.56.35,921,United Kingdom,https.txt
23.106.249.54,921,Singapore,https.txt
23.106.56.52,921,United Kingdom,https.txt
23.106.249.39,921,Singapore,https.txt
162.210.194.2,921,United States,https.txt
23.106.56.54,921,United Kingdom,https.txt
23.106.249.52,921,Singapore,https.txt
23.106.249.34,921,Singapore,https.txt
207.244.89.162,921,United States,https.txt
162.210.194.3,921,United States,https.txt
23.106.56.53,921,United Kingdom,https.txt
23.106.249.35,921,Singapore,https.txt
162.210.194.1,921,United States,https.txt
23.106.56.43,921,United Kingdom,https.txt
207.244.89.166,921,United States,https.txt
162.210.194.4,921,United States,https.txt
23.106.56.19,921,United Kingdom,https.txt
23.106.249.53,921,Singapore,https.txt
207.244.89.161,921,United States,https.txt
23.106.249.37,921,Singapore,https.txt
207.244.71.84,921,United States,https.txt
23.106.249.36,921,Singapore,https.txt
23.106.56.22,921,United Kingdom,https.txt
23.106.56.2,921,United Kingdom,https.txt
23.106.56.52,431,United Kingdom,https.txt
162.210.194.4,431,United States,https.txt
23.106.249.36,431,Singapore,https.txt
23.106.249.54,431,Singapore,https.txt
23.106.249.53,431,Singapore,https.txt
23.106.56.19,431,United Kingdom,https.txt
207.244.89.161,431,United States,https.txt
207.244.89.162,431,United States,https.txt
162.210.194.1,431,United States,https.txt
23.106.56.43,431,United Kingdom,https.txt
23.106.56.53,431,United Kingdom,https.txt
207.244.89.166,431,United States,https.txt
23.106.249.52,431,Singapore,https.txt
23.106.249.39,431,Singapore,https.txt
162.210.194.2,431,United States,https.txt
23.106.249.37,431,Singapore,https.txt
207.244.71.84,431,United States,https.txt
23.106.56.2,431,United Kingdom,https.txt
162.210.194.3,431,United States,https.txt
23.106.249.35,431,Singapore,https.txt
23.106.249.34,431,Singapore,https.txt
23.106.56.35,431,United Kingdom,https.txt
207.244.89.162,428,United States,https.txt
23.106.249.35,428,Singapore,https.txt
23.106.56.54,428,United Kingdom,https.txt
23.106.56.2,428,United Kingdom,https.txt
23.106.249.37,428,Singapore,https.txt
23.106.56.22,428,United Kingdom,https.txt
23.106.249.39,955,Singapore,https.txt
162.210.194.3,428,United States,https.txt
207.244.89.161,428,United States,https.txt
207.244.71.84,428,United States,https.txt
23.106.56.52,428,United Kingdom,https.txt
23.106.249.34,428,Singapore,https.txt
23.106.56.19,428,United Kingdom,https.txt
23.106.249.53,428,Singapore,https.txt
23.106.56.53,428,United Kingdom,https.txt
23.106.56.43,428,United Kingdom,https.txt
207.244.89.166,428,United States,https.txt
23.106.249.36,428,Singapore,https.txt
23.106.249.39,428,Singapore,https.txt
23.106.249.52,428,Singapore,https.txt
23.106.249.54,428,Singapore,https.txt
162.210.194.1,428,United States,https.txt
162.210.194.4,428,United States,https.txt
162.210.194.2,428,United States,https.txt
162.210.194.4,955,United States,https.txt
23.106.249.35,955,Singapore,https.txt
162.210.194.1,955,United States,https.txt
207.244.89.161,955,United States,https.txt
23.106.249.37,955,Singapore,https.txt
162.210.194.2,955,United States,https.txt
23.106.249.53,955,Singapore,https.txt
23.106.249.54,955,Singapore,https.txt
23.106.56.52,955,United Kingdom,https.txt
23.106.56.22,955,United Kingdom,https.txt
23.106.249.52,955,Singapore,https.txt
23.106.56.53,955,United Kingdom,https.txt
23.106.56.54,955,United Kingdom,https.txt
23.106.249.36,955,Singapore,https.txt
23.106.249.34,955,Singapore,https.txt
162.210.194.3,955,United States,https.txt
23.106.56.35,955,United Kingdom,https.txt
23.106.56.43,955,United Kingdom,https.txt
207.244.89.162,955,United States,https.txt
23.106.56.19,955,United Kingdom,https.txt
207.244.89.166,955,United States,https.txt
23.106.56.2,955,United Kingdom,https.txt
23.106.56.35,428,United Kingdom,https.txt
51.158.253.154,443,France,https.txt
23.106.56.54,431,United Kingdom,https.txt
75.132.249.74,443,United States,https.txt
207.244.71.84,955,United States,https.txt
23.106.56.35,905,United Kingdom,https.txt
23.106.56.52,423,United Kingdom,https.txt
207.244.89.161,423,United States,https.txt
23.106.56.2,423,United Kingdom,https.txt
23.106.56.19,423,United Kingdom,https.txt
207.244.71.84,423,United States,https.txt
23.106.56.22,423,United Kingdom,https.txt
23.106.249.53,423,Singapore,https.txt
23.106.56.43,423,United Kingdom,https.txt
162.210.194.1,423,United States,https.txt
23.106.249.37,423,Singapore,https.txt
207.244.89.166,423,United States,https.txt
23.106.249.35,423,Singapore,https.txt
23.106.249.52,423,Singapore,https.txt
162.210.194.3,423,United States,https.txt
23.106.56.35,423,United Kingdom,https.txt
23.106.249.36,423,Singapore,https.txt
23.106.249.34,423,Singapore,https.txt
207.244.89.162,423,United States,https.txt
23.106.249.39,423,Singapore,https.txt
23.106.56.54,423,United Kingdom,https.txt
162.210.194.2,423,United States,https.txt
23.106.249.54,423,Singapore,https.txt
23.106.56.53,423,United Kingdom,https.txt
162.210.194.4,423,United States,https.txt
23.106.56.19,1083,United Kingdom,https.txt
162.210.194.2,1083,United States,https.txt
23.106.56.2,1083,United Kingdom,https.txt
23.106.56.54,1083,United Kingdom,https.txt
162.210.194.1,1083,United States,https.txt
162.210.194.3,1083,United States,https.txt
23.106.249.37,1083,Singapore,https.txt
23.106.249.52,1083,Singapore,https.txt
23.106.56.22,1083,United Kingdom,https.txt
23.106.56.35,1083,United Kingdom,https.txt
23.106.56.52,1083,United Kingdom,https.txt
207.244.89.162,1083,United States,https.txt
162.210.194.4,1083,United States,https.txt
207.244.89.166,1083,United States,https.txt
23.106.249.39,1083,Singapore,https.txt
23.106.249.54,1083,Singapore,https.txt
23.106.249.36,1083,Singapore,https.txt
207.244.71.84,1083,United States,https.txt
207.244.89.161,1083,United States,https.txt
23.106.56.53,1083,United Kingdom,https.txt
23.106.56.43,1083,United Kingdom,https.txt
23.106.249.34,1083,Singapore,https.txt
23.106.249.53,1083,Singapore,https.txt
23.106.249.35,1083,Singapore,https.txt
162.210.194.4,905,United States,https.txt
207.244.89.161,905,United States,https.txt
23.106.56.19,905,United Kingdom,https.txt
23.106.249.52,905,Singapore,https.txt
162.210.194.2,905,United States,https.txt
207.244.71.84,905,United States,https.txt
23.106.56.52,905,United Kingdom,https.txt
23.106.56.2,905,United Kingdom,https.txt
23.106.56.43,905,United Kingdom,https.txt
23.106.249.36,905,Singapore,https.txt
23.106.249.39,905,Singapore,https.txt
23.106.249.37,905,Singapore,https.txt
23.106.249.54,905,Singapore,https.txt
23.106.249.53,905,Singapore,https.txt
207.244.89.162,905,United States,https.txt
23.106.56.54,905,United Kingdom,https.txt
162.210.194.1,905,United States,https.txt
23.106.249.34,905,Singapore,https.txt
23.106.56.22,905,United Kingdom,https.txt
207.244.89.166,905,United States,https.txt
23.106.249.35,905,Singapore,https.txt
162.210.194.3,905,United States,https.txt
23.106.56.2,1022,United Kingdom,https.txt
23.106.56.19,1022,United Kingdom,https.txt
23.106.56.53,1022,United Kingdom,https.txt
23.106.56.54,1022,United Kingdom,https.txt
23.106.56.35,1022,United Kingdom,https.txt
162.210.194.2,1022,United States,https.txt
23.106.249.53,1022,Singapore,https.txt
23.106.249.37,1022,Singapore,https.txt
23.106.249.36,1022,Singapore,https.txt
23.106.56.52,1022,United Kingdom,https.txt
162.210.194.1,1022,United States,https.txt
23.106.249.39,1022,Singapore,https.txt
207.244.89.161,1022,United States,https.txt
207.244.71.84,1022,United States,https.txt
207.244.89.162,1022,United States,https.txt
162.210.194.3,1022,United States,https.txt
23.106.249.54,1022,Singapore,https.txt
207.244.89.166,1022,United States,https.txt
23.106.249.34,1022,Singapore,https.txt
23.106.56.43,1022,United Kingdom,https.txt
162.210.194.4,1022,United States,https.txt
23.106.56.22,1022,United Kingdom,https.txt
23.106.249.52,1022,Singapore,https.txt
23.106.249.35,1022,Singapore,https.txt
64.38.135.183,443,United States,https.txt
207.148.20.225,8888,United States,https.txt
45.76.3.118,8888,United States,https.txt
45.76.3.45,8888,United States,https.txt
167.99.236.14,443,United States,https.txt
23.106.56.22,443,United Kingdom,https.txt
23.106.249.53,443,Singapore,https.txt
207.244.89.161,443,United States,https.txt
51.158.253.45,443,France,https.txt
51.158.253.77,443,France,https.txt
51.158.253.78,443,France,https.txt
80.154.6.2,443,Germany,https.txt
141.94.246.168,443,France,https.txt
47.243.181.85,8080,Hong Kong,https.txt
107.152.33.202,8888,United States,https.txt
147.182.242.114,8888,United States,https.txt
147.182.252.115,8888,United States,https.txt
49.12.189.119,8443,Germany,https.txt
49.13.0.108,8443,Germany,https.txt
47.243.181.85,41706,Ukraine,https.txt
138.199.35.210,9002,United States,https.txt
138.199.36.160,9002,Germany,https.txt
128.199.195.19,8888,Singapore,https.txt
201.238.248.135,443,Chile,https.txt
64.62.219.84,10092,United States,https.txt
180.178.37.114,443,Hong Kong,https.txt
65.49.2.84,29072,United States,https.txt
148.233.136.213,443,Mexico,https.txt
23.106.56.43,483,United Kingdom,https.txt
23.106.249.52,483,Singapore,https.txt
23.106.56.54,483,United Kingdom,https.txt
162.210.194.4,483,United States,https.txt
162.210.194.2,483,United States,https.txt
23.106.56.2,483,United Kingdom,https.txt
23.106.249.36,483,Singapore,https.txt
23.106.56.19,483,United Kingdom,https.txt
23.106.56.35,483,United Kingdom,https.txt
23.106.249.35,483,Singapore,https.txt
23.106.56.52,483,United Kingdom,https.txt
23.106.249.39,483,Singapore,https.txt
207.244.89.166,483,United States,https.txt
23.106.56.22,483,United Kingdom,https.txt
207.244.89.161,483,United States,https.txt
162.210.194.3,483,United States,https.txt
207.244.71.84,483,United States,https.txt
23.106.249.53,483,Singapore,https.txt
23.106.249.34,483,Singapore,https.txt
23.106.56.53,483,United Kingdom,https.txt
207.244.89.162,483,United States,https.txt
23.106.249.54,483,Singapore,https.txt
162.210.194.1,483,United States,https.txt
23.106.249.37,483,Singapore,https.txt
54.37.72.89,443,Germany,https.txt
65.49.2.84,49754,United States,https.txt
47.243.181.85,8084,United States,https.txt
65.49.2.84,57264,United States,https.txt
64.62.219.84,26057,United States,https.txt
65.49.2.84,56501,United States,https.txt
47.243.181.85,8081,Taiwan,https.txt
47.243.181.85,41296,Taiwan,https.txt
47.243.181.85,41695,United States,https.txt
65.49.68.84,11746,United States,https.txt
65.49.14.154,36214,United States,https.txt
65.49.2.84,49737,United States,https.txt
64.62.219.84,10027,United States,https.txt
102.134.130.41,443,Ghana,https.txt
65.49.14.154,16000,United States,https.txt
162.210.194.3,1287,United States,https.txt
162.210.194.2,1287,United States,https.txt
23.106.249.37,1287,Singapore,https.txt
23.106.56.22,1287,United Kingdom,https.txt
23.106.249.34,1287,Singapore,https.txt
162.210.194.4,1287,United States,https.txt
23.106.249.35,1287,Singapore,https.txt
23.106.56.53,1287,United Kingdom,https.txt
23.106.56.43,1287,United Kingdom,https.txt
162.210.194.1,1287,United States,https.txt
23.106.249.53,1287,Singapore,https.txt
23.106.56.19,1287,United Kingdom,https.txt
207.244.89.166,1287,United States,https.txt
23.106.56.54,1287,United Kingdom,https.txt
23.106.249.52,1287,Singapore,https.txt
23.106.56.2,1287,United Kingdom,https.txt
23.106.56.35,1287,United Kingdom,https.txt
207.244.89.162,1287,United States,https.txt
207.244.71.84,1287,United States,https.txt
207.244.89.161,1287,United States,https.txt
23.106.56.52,1287,United Kingdom,https.txt
23.106.249.39,1287,Singapore,https.txt
23.106.249.36,1287,Singapore,https.txt
23.106.249.54,1287,Singapore,https.txt
65.49.68.84,56124,United States,https.txt
103.148.245.155,7777,Hong Kong,https.txt
62.210.15.199,443,France,https.txt
64.62.219.84,57736,United States,https.txt
47.243.181.85,41414,Japan,https.txt
51.159.14.232,1022,France,https.txt
51.158.61.236,436,France,https.txt
65.49.2.84,30201,United States,https.txt
65.49.2.84,42304,United States,https.txt
65.49.14.154,28070,United States,https.txt
51.159.14.232,1287,France,https.txt
65.49.14.154,30856,United States,https.txt
65.49.2.84,40841,United States,https.txt
65.49.68.84,64086,United States,https.txt
51.159.14.232,431,France,https.txt
64.62.219.84,63609,United States,https.txt
65.49.2.84,45255,United States,https.txt
51.159.98.170,1007,France,https.txt
51.158.61.236,431,France,https.txt
51.159.14.232,911,France,https.txt
64.62.219.84,15352,United States,https.txt
51.159.14.232,425,France,https.txt
51.158.61.236,911,France,https.txt
51.159.14.232,1015,France,https.txt
64.62.219.84,21177,United States,https.txt
143.110.229.181,8888,United States,https.txt
51.159.97.249,1007,France,https.txt
51.159.97.108,1007,France,https.txt
65.49.14.154,50579,United States,https.txt
65.49.68.84,19937,United States,https.txt
51.158.61.236,483,France,https.txt
51.159.97.108,1015,France,https.txt
51.158.61.236,901,France,https.txt
51.158.61.236,1083,France,https.txt
64.62.219.84,24002,United States,https.txt
65.49.68.84,37568,United States,https.txt
51.159.97.249,1015,France,https.txt
51.159.98.170,1015,France,https.txt
51.159.221.14,1015,France,https.txt
51.159.97.108,425,France,https.txt
51.158.61.236,425,France,https.txt
51.158.61.236,1287,France,https.txt
51.159.14.232,921,France,https.txt
51.159.14.232,483,France,https.txt
51.159.97.108,428,France,https.txt
51.158.61.236,428,France,https.txt
51.159.14.232,428,France,https.txt
51.159.221.14,1287,France,https.txt
51.158.61.236,921,France,https.txt
51.159.97.249,483,France,https.txt
51.159.14.232,423,France,https.txt
51.159.221.14,955,France,https.txt
51.159.14.232,955,France,https.txt
51.158.61.236,955,France,https.txt
51.159.97.108,955,France,https.txt
51.158.61.236,1015,France,https.txt
51.159.98.170,955,France,https.txt
51.159.97.108,1287,France,https.txt
51.159.14.232,1083,France,https.txt
51.159.221.14,838,France,https.txt
51.158.61.236,838,France,https.txt
51.159.97.108,838,France,https.txt
51.159.98.170,838,France,https.txt
51.159.14.232,838,France,https.txt
65.49.68.84,11557,United States,https.txt
65.49.68.84,52706,United States,https.txt
51.159.97.108,1083,France,https.txt
51.159.98.170,483,France,https.txt
51.159.98.170,1287,France,https.txt
51.158.61.236,461,France,https.txt
51.158.61.236,443,France,https.txt
51.159.221.14,905,France,https.txt
51.159.221.14,461,France,https.txt
51.159.97.108,461,France,https.txt
51.159.14.232,461,France,https.txt
51.159.97.249,1022,France,https.txt
51.159.98.170,461,France,https.txt
51.159.97.108,436,France,https.txt
51.159.97.108,921,France,https.txt
51.159.14.232,1007,France,https.txt
51.159.97.249,911,France,https.txt
51.159.97.249,1287,France,https.txt
51.158.61.236,1007,France,https.txt
51.159.221.14,1007,France,https.txt
51.159.97.108,483,France,https.txt
65.49.14.154,27289,United States,https.txt
64.62.219.84,53566,United States,https.txt
51.159.97.249,428,France,https.txt
51.159.221.14,921,France,https.txt
51.159.14.232,436,France,https.txt
64.62.219.84,16424,United States,https.txt
51.159.97.249,431,France,https.txt
51.159.98.170,911,France,https.txt
51.159.98.170,428,France,https.txt
51.159.14.232,726,France,https.txt
51.159.221.14,1083,France,https.txt
51.159.14.232,905,France,https.txt
51.159.97.108,901,France,https.txt
51.159.14.232,901,France,https.txt
51.159.98.170,901,France,https.txt
51.159.97.249,901,France,https.txt
51.159.221.14,901,France,https.txt
51.159.221.14,428,France,https.txt
65.49.14.154,64370,United States,https.txt
51.159.221.14,471,France,https.txt
51.159.97.108,431,France,https.txt
51.159.221.14,423,France,https.txt
51.159.98.170,1022,France,https.txt
51.158.61.236,1022,France,https.txt
65.49.2.84,35663,United States,https.txt
51.159.97.108,1022,France,https.txt
51.159.97.249,838,France,https.txt
65.49.2.84,23781,United States,https.txt
65.49.14.154,28424,United States,https.txt
51.159.221.14,425,France,https.txt
51.158.61.236,423,France,https.txt
47.243.181.85,41393,Japan,https.txt
51.159.221.14,443,France,https.txt
65.49.2.84,46825,United States,https.txt
51.159.98.170,425,France,https.txt
51.159.98.170,423,France,https.txt
51.159.221.14,483,France,https.txt
103.241.129.7,8443,Japan,https.txt
103.241.129.8,8443,Japan,https.txt
103.241.129.9,8443,Japan,https.txt
103.241.129.12,8443,Japan,https.txt
103.241.129.14,8443,Japan,https.txt
103.241.129.19,8443,Japan,https.txt
103.241.129.20,8443,Japan,https.txt
103.241.129.25,8443,Japan,https.txt
103.241.129.28,8443,Japan,https.txt
103.241.129.30,8443,Japan,https.txt
103.241.129.191,8443,Japan,https.txt
103.241.129.209,8443,Japan,https.txt
103.241.129.214,8443,Japan,https.txt
103.241.129.220,8443,Japan,https.txt
103.241.129.221,8443,Japan,https.txt
103.241.129.237,8443,Japan,https.txt
103.241.129.239,8443,Japan,https.txt
103.241.129.244,8443,Japan,https.txt
103.241.129.246,8443,Japan,https.txt
103.241.129.247,8443,Japan,https.txt
103.241.129.249,8443,Japan,https.txt
103.241.129.251,8443,Japan,https.txt
103.241.129.252,8443,Japan,https.txt
103.241.130.3,8443,Japan,https.txt
51.159.97.249,1083,France,https.txt
51.159.98.170,921,France,https.txt
51.159.97.249,921,France,https.txt
51.158.61.236,905,France,https.txt
51.159.98.170,905,France,https.txt
47.243.181.85,41310,Taiwan,https.txt
51.159.221.14,436,France,https.txt
65.49.2.84,25881,United States,https.txt
51.159.14.232,471,France,https.txt
51.159.221.14,1022,France,https.txt
51.159.97.108,471,France,https.txt
51.159.97.249,461,France,https.txt
65.49.68.84,63160,United States,https.txt
51.159.97.108,423,France,https.txt
51.159.97.249,423,France,https.txt
51.159.97.249,955,France,https.txt
103.241.129.15,8443,Japan,https.txt
103.241.129.177,8443,Japan,https.txt
103.241.129.179,8443,Japan,https.txt
103.241.129.186,8443,Japan,https.txt
103.241.129.194,8443,Japan,https.txt
103.241.129.202,8443,Japan,https.txt
103.241.129.204,8443,Japan,https.txt
103.241.129.207,8443,Japan,https.txt
103.241.129.211,8443,Japan,https.txt
103.241.129.226,8443,Japan,https.txt
103.241.129.227,8443,Japan,https.txt
103.241.129.235,8443,Japan,https.txt
103.241.129.250,8443,Japan,https.txt
51.159.221.14,726,France,https.txt
103.241.128.137,8443,Japan,https.txt
103.241.129.31,8443,Japan,https.txt
103.241.129.210,8443,Japan,https.txt
103.241.129.212,8443,Japan,https.txt
103.241.129.189,8443,Japan,https.txt
64.62.219.84,33859,United States,https.txt
143.107.205.72,443,Brazil,https.txt
64.62.219.84,15335,United States,https.txt
65.49.2.84,30420,United States,https.txt
51.210.148.119,443,France,https.txt
209.38.148.139,8888,United States,https.txt
65.49.2.84,47731,United States,https.txt
137.184.224.125,8888,United States,https.txt
47.243.181.85,41797,Brazil,https.txt
64.62.219.84,57187,United States,https.txt
65.49.2.84,46429,United States,https.txt
65.49.2.84,45485,United States,https.txt
64.62.219.84,50785,United States,https.txt
103.37.111.253,10087,Japan,https.txt
123.31.29.158,443,Vietnam,https.txt
104.248.130.209,3129,Germany,https.txt
64.62.219.84,58051,United States,https.txt
51.195.107.167,443,France,https.txt
212.58.135.9,8443,United States,https.txt
212.58.135.10,8443,United States,https.txt
212.58.132.189,8443,United States,https.txt
212.58.132.188,8443,United States,https.txt
64.62.219.84,35099,United States,https.txt
65.49.68.84,59247,United States,https.txt
64.62.219.84,28961,United States,https.txt
64.62.219.84,44029,United States,https.txt
168.205.255.238,443,Brazil,https.txt
65.49.68.84,52948,United States,https.txt
65.49.14.154,52490,United States,https.txt
23.106.56.38,425,United Kingdom,https.txt
85.215.50.161,443,Germany,https.txt
23.106.56.11,461,United Kingdom,https.txt
23.106.56.36,461,United Kingdom,https.txt
23.106.56.37,461,United Kingdom,https.txt
23.106.56.38,461,United Kingdom,https.txt
23.106.56.11,431,United Kingdom,https.txt
23.106.56.11,1015,United Kingdom,https.txt
23.106.56.36,1015,United Kingdom,https.txt
23.106.56.37,1015,United Kingdom,https.txt
23.106.56.38,1015,United Kingdom,https.txt
23.106.56.11,1083,United Kingdom,https.txt
23.106.56.11,436,United Kingdom,https.txt
23.106.56.11,483,United Kingdom,https.txt
23.106.56.11,1287,United Kingdom,https.txt
23.106.56.11,911,United Kingdom,https.txt
23.106.56.11,471,United Kingdom,https.txt
23.106.56.11,905,United Kingdom,https.txt
51.159.97.108,443,France,https.txt
23.106.56.11,921,United Kingdom,https.txt
64.62.219.84,37367,United States,https.txt
65.49.68.84,48543,United States,https.txt
34.81.72.31,443,Taiwan,https.txt
65.49.2.84,10058,United States,https.txt
51.159.98.170,443,France,https.txt
51.159.221.44,443,France,https.txt
51.159.221.44,1083,France,https.txt
51.159.221.44,1022,France,https.txt
23.106.56.11,1022,United Kingdom,https.txt
51.159.14.232,443,France,https.txt
51.159.220.143,1022,France,https.txt
51.159.220.79,1022,France,https.txt
51.158.61.236,471,France,https.txt
51.159.98.170,471,France,https.txt
51.159.221.44,471,France,https.txt
51.159.221.44,955,France,https.txt
23.106.56.11,726,United Kingdom,https.txt
51.159.97.108,726,France,https.txt
51.158.61.236,726,France,https.txt
51.159.98.170,726,France,https.txt
51.159.221.44,726,France,https.txt
51.159.98.170,436,France,https.txt
51.159.221.44,1007,France,https.txt
47.238.192.103,8888,Hong Kong,https.txt
51.159.98.170,431,France,https.txt
23.106.56.11,425,United Kingdom,https.txt
51.159.97.108,911,France,https.txt
23.106.56.11,1007,United Kingdom,https.txt
51.159.221.44,838,France,https.txt
51.159.221.44,431,France,https.txt
51.159.221.44,901,France,https.txt
51.159.221.44,911,France,https.txt
51.159.221.14,911,France,https.txt
51.159.221.44,921,France,https.txt
51.159.221.44,425,France,https.txt
23.106.56.11,428,United Kingdom,https.txt
51.159.221.44,428,France,https.txt
23.106.56.11,955,United Kingdom,https.txt
51.159.98.170,1083,France,https.txt
23.106.56.11,838,United Kingdom,https.txt
51.159.221.44,461,France,https.txt
51.159.221.44,436,France,https.txt
23.106.56.11,901,United Kingdom,https.txt
51.159.97.249,443,France,https.txt
145.239.196.123,443,France,https.txt
51.159.220.143,911,France,https.txt
51.159.220.79,911,France,https.txt
94.74.96.240,3129,Hong Kong,https.txt
23.106.56.11,423,United Kingdom,https.txt
51.159.221.44,423,France,https.txt
51.159.221.44,905,France,https.txt
51.159.221.14,431,France,https.txt
51.159.97.249,726,France,https.txt
207.180.254.198,443,Germany,https.txt
51.159.97.249,425,France,https.txt
64.181.235.123,3128,United States,https.txt
51.159.97.108,905,France,https.txt
51.159.220.143,443,France,https.txt
51.159.221.44,483,France,https.txt
64.62.219.84,52647,United States,https.txt
51.159.220.143,423,France,https.txt
65.49.2.84,32914,United States,https.txt
51.159.220.79,423,France,https.txt
51.159.220.143,483,France,https.txt
65.109.202.138,8443,Finland,https.txt
65.109.40.163,8443,Finland,https.txt
23.106.56.43,19881,United Kingdom,https.txt
51.159.220.143,1007,France,https.txt
51.159.97.249,436,France,https.txt
51.159.220.143,905,France,https.txt
51.159.220.79,905,France,https.txt
65.49.2.84,39514,United States,https.txt
51.159.221.44,1287,France,https.txt
167.235.198.62,443,Germany,https.txt
65.49.68.84,51111,United States,https.txt
51.159.220.143,425,France,https.txt
65.49.14.154,15149,United States,https.txt
65.49.2.84,23824,United States,https.txt
64.62.219.84,51335,United States,https.txt
64.62.219.84,59081,United States,https.txt
65.49.14.154,54981,United States,https.txt
64.62.219.84,53289,United States,https.txt
47.243.181.85,52115,Taiwan,https.txt
51.159.220.143,431,France,https.txt
51.159.220.79,431,France,https.txt
65.49.68.84,40489,United States,https.txt
64.62.219.84,39089,United States,https.txt
65.49.14.154,35867,United States,https.txt
65.49.14.154,23476,United States,https.txt
65.49.68.84,57736,United States,https.txt
65.49.14.154,55771,United States,https.txt
65.49.2.84,19164,United States,https.txt
65.49.14.154,55689,United States,https.txt
65.109.202.138,1080,Finland,https.txt
64.62.219.84,21133,United States,https.txt
64.62.219.84,39799,United States,https.txt
65.49.14.154,61951,United States,https.txt
64.62.219.84,42444,United States,https.txt
64.62.219.84,18829,United States,https.txt
65.49.14.154,33318,United States,https.txt
65.49.14.154,59391,United States,https.txt
65.49.2.84,11607,United States,https.txt
65.49.2.84,23905,United States,https.txt
65.49.2.84,59595,United States,https.txt
65.49.14.154,36642,United States,https.txt
65.49.14.154,41509,United States,https.txt
51.159.221.44,1015,France,https.txt
51.159.220.143,1015,France,https.txt
47.243.181.85,8083,Singapore,https.txt
51.159.220.143,1083,France,https.txt
51.161.79.152,8888,Canada,https.txt
65.49.2.84,23835,United States,https.txt
205.178.186.112,8447,United States,https.txt
205.178.137.160,8443,United States,https.txt
51.159.220.143,1287,France,https.txt
192.95.39.76,8443,United States,https.txt
198.50.152.217,8443,United States,https.txt
51.159.97.249,905,France,https.txt
51.159.220.143,921,France,https.txt
51.159.220.143,436,France,https.txt
51.159.97.249,471,France,https.txt
51.159.220.143,471,France,https.txt
51.159.220.143,726,France,https.txt
1.234.23.159,443,South Korea,https.txt
51.159.220.143,428,France,https.txt
51.159.220.143,955,France,https.txt
185.53.129.141,9090,The Netherlands,https.txt
51.159.220.143,838,France,https.txt
51.159.220.143,461,France,https.txt
196.1.93.16,443,Senegal,https.txt
162.19.49.131,443,France,https.txt
51.159.220.143,901,France,https.txt
65.109.202.138,1081,Finland,https.txt
65.49.2.84,28041,United States,https.txt
65.49.14.154,10650,United States,https.txt
51.159.220.79,1083,France,https.txt
51.159.220.79,1015,France,https.txt
64.62.219.84,48086,United States,https.txt
64.62.219.84,16916,United States,https.txt
51.159.225.129,8118,France,https.txt
187.217.194.178,443,Mexico,https.txt
47.243.181.85,41795,Brazil,https.txt
65.49.14.154,58715,United States,https.txt
65.49.14.154,60877,United States,https.txt
51.159.220.79,483,France,https.txt
49.12.189.119,8080,Germany,https.txt
65.49.14.154,52531,United States,https.txt
65.49.14.154,28387,United States,https.txt
205.178.137.170,8443,United States,https.txt
205.178.137.27,8443,United States,https.txt
64.62.219.84,24696,United States,https.txt
64.62.219.84,43094,United States,https.txt
206.188.212.169,8443,United States,https.txt
65.49.2.84,29028,United States,https.txt
5.196.111.145,443,France,https.txt
192.95.39.76,443,United States,https.txt
205.178.144.160,8443,United States,https.txt
64.23.234.144,8888,United States,https.txt
64.62.219.84,47890,United States,https.txt
205.178.144.208,8447,United States,https.txt
51.159.220.79,443,France,https.txt
205.178.136.246,8447,United States,https.txt
51.159.220.79,726,France,https.txt
65.49.14.154,22232,United States,https.txt
65.49.14.154,37923,United States,https.txt
47.243.181.85,41290,Taiwan,https.txt
51.159.220.79,461,France,https.txt
65.49.14.154,21153,United States,https.txt
51.159.220.79,921,France,https.txt
36.92.193.189,443,Indonesia,https.txt
51.159.220.79,1007,France,https.txt
51.159.220.79,425,France,https.txt
51.159.220.79,428,France,https.txt
51.159.220.79,955,France,https.txt
212.83.181.166,8081,France,https.txt
51.159.220.79,838,France,https.txt
51.159.220.79,901,France,https.txt
212.83.168.126,8081,France,https.txt
51.159.226.157,443,France,https.txt
51.159.226.159,443,France,https.txt
51.159.220.79,436,France,https.txt
51.159.226.153,443,France,https.txt
51.159.226.154,443,France,https.txt
205.178.137.217,8447,United States,https.txt
51.159.226.151,443,France,https.txt
51.159.226.150,443,France,https.txt
51.159.226.155,443,France,https.txt
51.159.226.149,443,France,https.txt
51.159.226.156,443,France,https.txt
51.159.226.162,443,France,https.txt
51.159.226.128,443,France,https.txt
51.159.226.160,443,France,https.txt
51.159.226.158,443,France,https.txt
23.106.56.51,483,United Kingdom,https.txt
51.159.220.79,1287,France,https.txt
207.244.71.81,1287,United States,https.txt
23.106.56.51,1287,United Kingdom,https.txt
207.244.71.82,1287,United States,https.txt
51.159.226.161,443,France,https.txt
23.106.56.12,483,United Kingdom,https.txt
23.106.56.13,483,United Kingdom,https.txt
23.106.56.14,483,United Kingdom,https.txt
23.106.56.36,483,United Kingdom,https.txt
23.106.56.37,483,United Kingdom,https.txt
23.106.56.38,483,United Kingdom,https.txt
205.178.137.170,8447,United States,https.txt
207.244.71.79,1287,United States,https.txt
207.244.71.80,1287,United States,https.txt
51.159.226.152,443,France,https.txt
23.106.56.51,955,United Kingdom,https.txt
205.178.137.163,8447,United States,https.txt
23.106.56.51,461,United Kingdom,https.txt
47.243.181.85,55009,Taiwan,https.txt
207.244.71.81,905,United States,https.txt
207.244.71.82,905,United States,https.txt
23.106.56.51,905,United Kingdom,https.txt
207.244.71.79,905,United States,https.txt
207.244.71.80,905,United States,https.txt
23.106.56.51,425,United Kingdom,https.txt
23.106.56.51,921,United Kingdom,https.txt
207.244.71.81,921,United States,https.txt
207.244.71.82,921,United States,https.txt
207.244.71.82,1007,United States,https.txt
23.106.56.51,471,United Kingdom,https.txt
195.12.54.28,443,Romania,https.txt
207.244.71.79,1007,United States,https.txt
207.244.71.80,1007,United States,https.txt
207.244.71.81,1007,United States,https.txt
207.244.71.79,921,United States,https.txt
207.244.71.80,921,United States,https.txt
23.106.56.51,838,United Kingdom,https.txt
65.49.2.84,28063,United States,https.txt
207.244.71.82,1022,United States,https.txt
64.62.219.84,14989,United States,https.txt
207.244.71.82,436,United States,https.txt
207.244.71.81,436,United States,https.txt
23.106.56.51,436,United Kingdom,https.txt
23.106.56.51,1022,United Kingdom,https.txt
207.244.71.81,1022,United States,https.txt
207.244.71.81,471,United States,https.txt
51.159.220.79,471,France,https.txt
207.244.71.82,471,United States,https.txt
207.244.71.82,726,United States,https.txt
23.106.56.51,726,United Kingdom,https.txt
207.244.71.81,726,United States,https.txt
207.244.71.82,901,United States,https.txt
23.106.56.51,431,United Kingdom,https.txt
207.244.71.82,431,United States,https.txt
207.244.71.81,431,United States,https.txt
207.244.71.81,911,United States,https.txt
23.106.56.51,911,United Kingdom,https.txt
207.244.71.82,911,United States,https.txt
23.106.56.51,1007,United Kingdom,https.txt
23.106.56.51,1015,United Kingdom,https.txt
23.106.56.51,423,United Kingdom,https.txt
205.178.144.224,8447,United States,https.txt
205.178.144.209,8443,United States,https.txt
206.188.209.146,8443,United States,https.txt
49.13.0.108,8080,Germany,https.txt
65.49.68.84,22179,United States,https.txt
65.49.14.154,43064,United States,https.txt
47.243.181.85,52111,Taiwan,https.txt
65.49.14.154,31148,United States,https.txt
47.243.181.85,41318,Taiwan,https.txt
122.99.125.85,443,India,https.txt
64.62.219.84,38261,United States,https.txt
207.244.71.82,425,United States,https.txt
51.159.226.129,443,France,https.txt
65.49.14.154,56220,United States,https.txt
51.158.253.130,14991,France,https.txt
23.106.56.51,901,United Kingdom,https.txt
207.244.71.81,425,United States,https.txt
23.106.56.51,428,United Kingdom,https.txt
207.244.71.82,428,United States,https.txt
207.244.71.81,428,United States,https.txt
207.244.71.81,955,United States,https.txt
207.244.71.82,955,United States,https.txt
205.178.144.67,8443,United States,https.txt
207.244.71.81,838,United States,https.txt
207.244.71.82,838,United States,https.txt
72.49.49.11,31034,United States,socks4.txt
208.102.51.6,58208,United States,socks4.txt
69.61.200.104,36181,United States,socks4.txt
24.249.199.4,4145,United States,socks4.txt
201.48.62.65,4145,Brazil,socks4.txt
98.170.57.231,4145,United States,socks4.txt
177.222.60.138,5678,Bolivia,socks4.txt
202.84.76.190,5678,Cambodia,socks4.txt
195.219.98.27,5678,Spain,socks4.txt
184.181.217.201,4145,United States,socks4.txt
192.111.139.165,4145,Canada,socks4.txt
98.170.57.249,4145,United States,socks4.txt
184.178.172.23,4145,United States,socks4.txt
198.8.94.170,4145,Canada,socks4.txt
76.81.6.107,31008,United States,socks4.txt
184.178.172.26,4145,United States,socks4.txt
184.185.2.12,4145,United States,socks4.txt
199.58.185.9,4145,United States,socks4.txt
199.229.254.129,4145,United States,socks4.txt
103.200.135.230,4145,Myanmar,socks4.txt
212.39.114.139,5678,Bosnia and Herzegovina,socks4.txt
103.95.97.43,4153,Bangladesh,socks4.txt
177.101.135.89,5678,Brazil,socks4.txt
91.203.165.23,5678,Ukraine,socks4.txt
178.220.148.82,10801,Serbia,socks4.txt
110.77.145.159,4145,Thailand,socks4.txt
80.92.224.141,5678,Ukraine,socks4.txt
36.89.56.127,5678,Indonesia,socks4.txt
116.197.129.170,4145,Indonesia,socks4.txt
46.105.105.223,18579,France,socks4.txt
181.48.217.158,5678,Colombia,socks4.txt
118.70.211.121,60606,Vietnam,socks4.txt
93.157.193.139,5678,Bosnia and Herzegovina,socks4.txt
46.47.82.16,4153,Bulgaria,socks4.txt
163.172.172.161,16379,United Kingdom,socks4.txt
208.65.90.21,4145,United States,socks4.txt
119.93.123.229,4145,Philippines,socks4.txt
103.97.94.22,4153,India,socks4.txt
103.1.105.10,4153,Malaysia,socks4.txt
169.239.236.201,10801,Nigeria,socks4.txt
103.138.46.11,4145,Indonesia,socks4.txt
82.117.212.234,5678,Serbia,socks4.txt
208.65.90.3,4145,United States,socks4.txt
45.128.133.65,1080,Italy,socks4.txt
110.74.195.152,1080,Cambodia,socks4.txt
31.42.6.125,5678,Poland,socks4.txt
72.205.0.67,4145,United States,socks4.txt
68.71.252.38,4145,United States,socks4.txt
68.71.251.134,4145,United States,socks4.txt
192.111.134.10,4145,United States,socks4.txt
199.102.107.145,4145,United States,socks4.txt
68.71.254.6,4145,United States,socks4.txt
142.54.239.1,4145,United States,socks4.txt
46.105.105.223,29489,France,socks4.txt
51.158.68.28,16379,United Kingdom,socks4.txt
51.75.126.150,60821,France,socks4.txt
51.210.111.216,33123,France,socks4.txt
51.210.111.216,47878,France,socks4.txt
51.210.111.216,56241,France,socks4.txt
115.85.72.204,5678,Indonesia,socks4.txt
103.66.176.45,32251,Bangladesh,socks4.txt
36.91.139.82,5678,Indonesia,socks4.txt
146.70.164.210,1080,Romania,socks4.txt
46.105.105.223,35749,France,socks4.txt
111.68.127.170,4153,Indonesia,socks4.txt
103.112.234.65,5678,India,socks4.txt
50.63.12.101,61120,United States,socks4.txt
172.105.193.238,1080,Japan,socks4.txt
51.75.126.150,8177,France,socks4.txt
109.123.254.43,8808,Germany,socks4.txt
82.223.165.28,4836,Spain,socks4.txt
46.105.105.223,34570,France,socks4.txt
216.68.128.121,4145,United States,socks4.txt
46.98.193.59,5678,Ukraine,socks4.txt
103.233.103.237,4153,Indonesia,socks4.txt
200.43.231.14,4153,Argentina,socks4.txt
202.79.35.143,4153,Nepal,socks4.txt
163.172.145.226,16379,Sweden,socks4.txt
51.75.126.150,9676,France,socks4.txt
141.94.195.25,25043,France,socks4.txt
72.211.46.124,4145,United States,socks4.txt
173.249.28.218,47190,Germany,socks4.txt
192.95.33.162,37594,Canada,socks4.txt
178.32.202.54,48169,France,socks4.txt
192.95.33.162,10036,Canada,socks4.txt
103.73.69.57,5678,Philippines,socks4.txt
202.162.197.57,4145,Indonesia,socks4.txt
187.44.211.118,4153,Brazil,socks4.txt
72.207.109.5,4145,United States,socks4.txt
81.0.101.130,4153,Hungary,socks4.txt
177.184.67.25,4145,Brazil,socks4.txt
91.223.52.141,5678,Poland,socks4.txt
93.123.98.80,5678,Bulgaria,socks4.txt
8.42.68.109,39593,United States,socks4.txt
27.147.153.34,10888,Bangladesh,socks4.txt
64.202.184.249,15986,United States,socks4.txt
37.52.13.164,5678,Ukraine,socks4.txt
64.202.184.249,7652,United States,socks4.txt
64.202.184.249,50615,United States,socks4.txt
185.144.156.61,21032,United States,socks4.txt
98.190.239.3,4145,United States,socks4.txt
64.202.184.249,6282,United States,socks4.txt
64.202.184.249,31239,United States,socks4.txt
64.202.184.249,25118,United States,socks4.txt
64.202.184.249,18087,United States,socks4.txt
64.202.184.249,32102,United States,socks4.txt
103.81.194.126,8888,Indonesia,socks4.txt
181.205.230.59,4153,Colombia,socks4.txt
182.23.108.163,4153,Indonesia,socks4.txt
103.186.99.142,1111,Indonesia,socks4.txt
185.61.169.67,4145,Italy,socks4.txt
38.183.144.18,1080,Indonesia,socks4.txt
161.35.82.57,1080,The Netherlands,socks4.txt
177.38.245.110,55713,Brazil,socks4.txt
213.250.198.66,4145,Czechia,socks4.txt
167.86.86.221,9050,Czechia,socks4.txt
103.151.155.20,11080,Indonesia,socks4.txt
103.146.185.173,1083,Indonesia,socks4.txt
171.254.219.100,1080,Vietnam,socks4.txt
103.81.194.165,4444,Indonesia,socks4.txt
102.39.233.4,1080,South Africa,socks4.txt
27.77.230.227,1080,Vietnam,socks4.txt
27.75.149.25,1080,Vietnam,socks4.txt
38.54.107.132,1080,Taiwan,socks4.txt
